,"Oct 09, 2020","Oct 08, 2020","Oct 07, 2020","Oct 06, 2020","Oct 05, 2020","Oct 02, 2020","Oct 01, 2020","Sep 30, 2020","Sep 29, 2020","Sep 28, 2020","Sep 25, 2020","Sep 24, 2020","Sep 23, 2020","Sep 22, 2020","Sep 21, 2020","Sep 18, 2020","Sep 17, 2020","Sep 16, 2020","Sep 15, 2020","Sep 14, 2020","Sep 11, 2020","Sep 10, 2020","Sep 09, 2020","Sep 08, 2020","Sep 04, 2020","Sep 03, 2020","Sep 02, 2020","Sep 01, 2020","Aug 31, 2020","Aug 28, 2020","Aug 27, 2020","Aug 26, 2020","Aug 25, 2020","Aug 24, 2020","Aug 21, 2020","Aug 20, 2020","Aug 19, 2020","Aug 18, 2020","Aug 17, 2020","Aug 14, 2020","Aug 13, 2020","Aug 12, 2020","Aug 11, 2020","Aug 10, 2020","Aug 07, 2020","Aug 06, 2020","Aug 05, 2020","Aug 04, 2020","Aug 03, 2020","Jul 31, 2020","Jul 30, 2020","Jul 29, 2020","Jul 28, 2020","Jul 27, 2020","Jul 24, 2020","Jul 23, 2020","Jul 22, 2020","Jul 21, 2020","Jul 20, 2020","Jul 17, 2020","Jul 16, 2020","Jul 15, 2020","Jul 14, 2020","Jul 13, 2020","Jul 10, 2020","Jul 09, 2020","Jul 08, 2020","Jul 07, 2020","Jul 06, 2020","Jul 02, 2020","Jul 01, 2020","Jun 30, 2020","Jun 29, 2020","Jun 26, 2020","Jun 25, 2020","Jun 24, 2020","Jun 23, 2020","Jun 22, 2020","Jun 19, 2020","Jun 18, 2020","Jun 17, 2020","Jun 16, 2020","Jun 15, 2020","Jun 12, 2020","Jun 11, 2020","Jun 10, 2020","Jun 09, 2020","Jun 08, 2020","Jun 05, 2020","Jun 04, 2020","Jun 03, 2020","Jun 02, 2020","Jun 01, 2020","May 29, 2020","May 28, 2020","May 27, 2020","May 26, 2020","May 22, 2020"
AAPL,115.97,114.97,115.08,113.16,116.50,113.02,116.79,115.81,114.09,114.96,112.28,108.22,107.12,111.81,110.08,106.84,110.34,112.13,115.54,115.36,112.00,113.49,117.32,112.82,120.96,120.88,131.40,134.18,129.04,124.81,125.01,126.52,124.82,125.86,124.37,118.28,115.71,115.56,114.61,114.91,115.01,113.01,109.38,112.73,111.11,113.90,110.06,109.67,108.94,106.26,96.19,95.04,93.25,94.81,92.61,92.85,97.27,97.00,98.36,96.33,96.52,97.72,97.06,95.48,95.92,95.75,95.34,93.17,93.46,91.03,91.03,91.20,90.44,88.41,91.21,90.01,91.63,89.72,87.43,87.93,87.90,88.02,85.75,84.70,83.97,88.21,86.00,83.36,82.88,80.58,81.28,80.83,80.46,79.49,79.56,79.53,79.18,79.72
ADBE,502.16,490.84,493.15,478.98,486.47,478.99,499.51,490.43,489.33,488.51,479.78,467.67,470.39,486.78,475.64,467.55,474.30,476.00,497.67,485.91,471.35,476.26,479.46,462.13,491.94,507.80,533.80,527.95,513.39,516.44,510.32,528.49,484.43,476.30,473.22,478.48,462.01,463.51,451.58,447.60,450.02,445.36,435.23,443.29,449.57,464.11,449.51,446.92,447.97,444.32,438.88,436.30,432.26,437.10,430.31,431.74,445.05,444.28,455.27,432.42,426.29,433.01,433.78,442.47,466.20,460.84,457.68,449.36,452.59,442.95,439.81,435.31,424.20,426.92,436.95,431.68,440.55,438.64,428.01,420.46,413.49,411.67,401.34,406.54,387.67,406.82,397.16,397.78,392.90,385.80,389.92,390.44,389.68,386.60,379.83,375.17,376.63,385.26
ADI,123.33,120.34,118.67,115.54,116.60,114.01,118.99,116.74,116.65,117.06,113.48,112.68,112.50,114.70,113.93,114.91,115.49,115.56,116.06,114.62,113.80,114.27,115.46,112.93,117.44,117.12,121.83,118.76,116.88,119.58,119.04,120.51,119.90,117.23,116.02,117.45,118.15,117.88,117.44,117.18,118.11,119.22,116.56,116.76,116.32,116.74,116.17,117.18,116.57,114.85,116.30,117.53,115.43,115.80,112.21,111.94,113.88,114.58,117.06,116.75,115.98,117.90,118.01,117.25,124.50,124.19,122.86,122.62,123.62,121.24,120.37,122.64,119.00,117.87,120.10,119.47,123.25,120.50,120.18,122.81,122.53,122.69,118.50,118.41,115.65,122.88,123.39,123.71,124.59,122.38,121.62,116.80,112.78,112.95,110.96,114.68,112.70,111.06
ADSK,237.50,234.31,233.01,228.01,228.93,225.56,233.96,231.01,232.92,232.15,227.80,220.96,221.87,229.56,227.64,225.13,226.97,230.76,235.87,229.83,227.48,228.20,232.78,224.36,233.88,242.09,261.35,253.51,245.70,247.39,243.11,248.21,252.24,251.80,248.27,249.15,241.42,242.69,239.00,234.35,238.19,231.57,228.79,231.88,236.24,243.57,243.20,239.90,239.48,236.43,236.10,238.61,234.58,239.69,232.88,237.34,240.74,239.69,246.04,237.70,234.03,235.58,234.60,231.86,244.24,248.20,243.90,238.94,244.36,240.15,241.22,239.19,232.17,232.74,234.47,233.44,241.62,240.88,237.82,238.07,237.04,240.93,229.00,222.96,219.10,236.59,234.15,233.51,233.71,225.20,226.39,219.09,219.29,210.38,202.63,199.81,199.53,195.78
AMAT,63.29,62.60,61.12,60.40,60.60,58.21,60.65,59.45,59.65,59.36,58.23,57.79,57.25,57.89,57.32,56.15,56.34,56.47,57.20,56.46,55.00,55.12,55.20,55.63,60.96,61.46,65.08,61.89,61.60,63.07,62.03,63.76,64.05,63.74,62.27,63.79,65.87,66.43,66.94,67.62,65.07,66.50,64.46,65.24,63.57,63.61,64.87,64.85,65.01,64.33,64.42,63.25,62.30,63.01,60.62,63.63,64.22,63.81,63.73,62.30,62.34,62.10,62.54,61.51,62.59,63.49,62.77,62.18,63.46,61.00,59.68,60.45,59.06,58.38,59.98,59.97,60.84,61.27,60.95,60.38,60.00,58.54,57.05,56.55,55.41,59.86,59.79,59.90,60.19,58.13,57.81,55.79,55.69,56.18,54.67,56.40,55.14,54.39
AMD,83.10,86.51,86.69,84.48,86.15,81.80,84.86,81.99,81.77,79.48,78.06,75.82,74.73,77.70,77.94,74.93,76.55,76.66,78.93,77.90,76.34,78.98,81.91,78.69,82.01,82.54,90.22,92.18,90.82,85.55,83.80,86.02,86.35,83.08,83.81,82.77,81.09,81.66,82.42,81.30,81.84,82.61,76.88,82.24,84.85,86.71,85.31,85.04,77.67,77.43,78.20,76.09,67.61,68.97,69.40,59.57,61.79,57.00,57.46,55.04,54.92,55.34,54.72,53.59,55.88,57.26,53.43,52.93,53.40,52.34,52.58,52.61,50.28,50.10,51.93,52.39,53.99,54.76,54.23,54.04,54.55,54.46,54.68,53.50,52.83,57.44,56.39,52.97,53.10,52.63,52.73,53.54,53.63,53.80,51.74,52.74,53.19,55.17
ANSS,336.82,333.54,330.40,316.47,323.87,321.58,334.80,327.23,319.51,318.80,312.16,304.41,302.55,315.44,309.19,305.08,308.88,317.89,328.21,321.60,314.08,317.42,320.05,308.61,321.21,332.14,350.59,343.89,339.01,336.71,332.34,331.48,326.49,325.25,324.50,328.32,319.53,320.47,317.36,313.19,314.77,308.40,301.92,308.78,312.37,315.25,312.27,308.78,315.23,310.60,309.67,306.05,298.22,300.17,293.51,300.15,306.89,305.75,309.11,301.13,295.30,301.04,301.04,295.56,301.65,304.50,301.90,299.32,301.64,297.97,294.32,291.73,282.13,283.08,287.19,285.25,289.66,289.36,281.59,289.36,285.64,282.59,274.83,270.27,271.94,286.00,285.27,290.75,289.10,282.16,286.90,288.14,286.70,283.00,275.10,269.31,268.97,269.87
ASML,388.99,380.89,375.80,370.11,382.11,370.00,382.01,369.27,374.00,371.06,360.48,360.16,357.56,364.64,362.62,366.34,366.74,362.38,370.25,367.94,359.23,357.00,359.37,347.35,367.42,376.16,398.49,386.90,374.18,379.47,376.22,385.92,380.83,377.99,372.12,372.17,374.94,377.22,378.51,371.10,374.76,374.81,361.31,365.41,366.07,369.23,368.51,370.33,366.61,353.72,362.73,364.62,376.36,381.78,367.68,384.23,392.60,383.82,391.48,383.59,385.22,375.43,396.83,388.62,395.85,394.72,391.93,382.02,385.46,373.22,367.59,368.03,364.81,361.76,366.55,361.58,366.64,364.29,360.67,358.88,362.41,352.05,350.01,343.07,332.89,347.92,349.33,349.25,357.22,353.11,346.30,334.73,326.73,329.51,319.97,318.53,319.86,319.36
AVGO,376.70,373.33,366.74,363.98,366.10,356.83,368.60,364.32,364.26,367.30,356.80,352.52,351.59,361.59,351.79,359.73,365.92,367.04,366.91,362.20,359.70,357.08,360.03,350.54,362.95,352.09,375.01,359.54,347.15,344.82,339.14,339.67,336.14,334.00,330.02,328.83,329.21,328.64,330.32,327.82,329.42,333.64,324.03,327.36,325.93,329.16,329.54,328.39,321.23,316.75,312.10,308.85,307.35,312.68,305.79,309.67,313.80,314.34,317.13,312.71,311.34,313.78,315.08,311.31,319.44,321.50,319.57,313.12,318.79,315.47,312.73,315.61,309.78,307.41,308.85,306.97,311.30,313.54,302.77,318.71,313.44,310.72,304.09,300.25,293.75,315.04,315.32,317.52,317.08,308.89,309.53,298.06,289.99,291.27,283.14,287.59,282.02,276.65
BIDU,126.49,126.75,126.35,124.83,124.70,124.62,126.45,126.59,122.58,126.04,123.79,123.76,122.92,124.03,124.55,124.66,124.67,126.03,124.49,121.88,120.62,119.16,119.40,119.31,122.87,121.42,124.26,126.93,124.57,129.00,127.25,127.47,125.70,122.88,122.45,123.48,122.71,124.20,123.92,116.74,124.57,126.11,124.60,125.06,125.00,125.58,125.85,126.67,120.55,119.40,118.00,119.82,115.69,115.86,119.02,121.10,122.75,125.22,124.35,122.77,123.43,125.05,125.49,127.84,132.33,132.53,130.64,127.83,132.93,123.30,120.63,119.89,121.29,121.80,123.73,121.37,123.33,123.08,123.08,123.46,122.03,122.78,116.82,116.27,111.83,116.81,115.83,117.03,114.40,109.06,112.45,107.23,107.10,106.55,106.32,108.22,108.36,103.32
CDNS,111.93,109.32,108.44,105.52,107.46,105.32,108.63,106.63,105.78,105.25,103.72,102.12,99.72,102.83,102.10,99.76,101.15,102.55,105.23,103.23,101.51,102.22,104.34,100.44,105.88,108.06,117.09,113.98,110.91,110.86,109.36,112.67,111.26,111.28,110.57,111.26,108.53,109.15,109.52,108.00,108.66,107.28,105.18,107.19,108.53,110.52,109.65,109.14,111.77,109.25,107.65,105.97,104.05,105.27,102.59,102.94,103.67,103.58,103.70,100.23,98.68,99.11,99.03,98.21,100.97,101.53,99.60,98.77,98.74,97.82,97.07,95.96,94.03,93.84,92.66,91.99,94.55,94.46,91.90,93.73,93.07,92.02,90.85,89.46,88.41,93.19,92.56,92.13,91.40,91.27,92.96,92.38,91.68,91.29,88.06,85.20,85.01,86.05
CDW,125.99,126.20,125.93,123.07,125.88,123.49,123.50,119.53,118.11,116.50,112.74,110.43,109.21,110.17,108.81,112.82,114.23,113.91,114.18,113.15,111.32,110.08,110.55,111.72,114.25,112.17,117.53,112.59,113.65,115.34,114.84,111.17,112.15,112.29,111.15,112.32,111.99,110.98,113.62,113.52,114.58,116.61,117.21,113.00,114.77,114.79,116.75,119.52,117.46,116.25,115.69,115.64,113.85,116.30,114.56,118.79,119.08,117.00,118.18,118.51,116.70,117.70,114.40,112.58,113.84,112.51,113.38,114.06,117.55,117.11,115.53,116.18,114.00,108.49,112.44,111.49,115.95,116.19,116.95,117.24,117.18,119.37,113.90,114.10,110.54,121.71,124.41,128.29,125.34,116.75,115.09,113.27,111.91,110.91,109.65,110.34,108.01,105.74
CERN,72.39,71.84,71.48,71.98,71.76,71.18,72.31,72.29,71.19,71.60,69.31,67.48,67.73,68.63,68.70,69.85,71.78,72.42,71.70,71.94,70.95,70.38,71.57,70.04,72.01,73.77,75.23,72.47,73.37,72.80,73.24,71.39,71.81,72.36,71.82,71.63,72.44,73.41,72.86,72.91,73.08,72.77,72.41,71.98,70.04,69.95,69.31,68.91,68.82,69.45,71.26,73.41,71.14,72.45,71.79,72.13,72.06,71.41,71.42,71.26,71.70,71.81,69.73,69.45,69.93,69.63,69.97,70.07,70.93,69.91,69.49,68.55,67.94,66.54,68.36,68.65,71.05,71.20,73.18,69.72,69.61,69.44,67.89,66.96,67.40,71.87,71.88,73.85,73.01,71.37,73.51,73.16,72.59,72.90,70.87,68.31,67.39,67.28
CHKP,125.18,123.33,122.62,121.04,121.26,118.31,118.85,120.34,120.73,121.60,120.19,118.18,118.55,120.05,116.88,118.00,119.98,120.83,122.78,121.00,118.27,118.10,119.79,117.44,119.98,124.01,130.58,126.64,126.26,126.89,127.63,128.95,127.84,129.68,128.37,127.84,128.08,127.61,123.66,123.95,124.89,124.96,123.99,124.64,123.73,123.72,125.22,123.37,122.41,125.35,123.54,122.76,121.17,123.98,123.48,124.20,123.02,124.36,124.79,120.85,119.23,120.38,118.38,116.63,119.45,118.73,115.94,115.88,111.53,108.59,107.92,107.43,106.35,105.90,106.39,105.02,107.00,106.51,107.62,108.46,108.05,108.13,106.13,106.08,105.46,110.26,110.76,111.61,111.67,108.85,107.30,108.09,108.39,109.67,107.86,107.23,107.65,106.91
CSCO,39.85,39.79,39.40,38.57,38.57,38.27,38.80,39.39,39.06,39.13,38.45,37.85,38.28,39.32,39.04,39.81,40.37,40.42,40.60,40.37,39.88,39.57,40.13,40.00,40.82,40.95,42.42,42.03,42.22,42.20,42.29,42.25,41.96,42.18,42.25,42.31,41.87,41.98,42.09,42.50,42.72,48.10,47.19,47.73,47.43,47.77,47.33,47.67,47.16,47.10,46.44,46.71,46.28,47.19,46.40,47.41,46.90,47.02,46.97,46.75,45.78,46.40,46.26,45.93,46.66,46.70,45.81,45.63,46.42,45.63,46.06,46.64,46.15,46.31,45.22,44.75,45.47,45.16,45.32,45.83,46.17,46.48,45.35,45.07,43.67,47.42,48.05,48.13,47.83,46.86,46.94,46.89,46.30,47.82,45.60,45.96,44.84,44.90
CTSH,73.08,72.91,72.24,69.83,70.93,68.86,69.33,69.42,69.00,69.32,68.08,66.90,67.09,68.25,67.39,68.86,70.12,70.72,70.13,69.29,68.18,65.56,66.41,65.60,66.81,67.12,68.82,66.97,66.86,67.69,67.41,67.75,66.94,67.62,65.72,66.30,66.89,67.22,67.54,66.93,66.90,66.98,66.53,67.11,67.48,67.58,67.43,67.92,68.04,68.32,69.18,64.79,62.64,63.43,61.80,62.08,61.96,61.62,61.71,61.43,61.05,59.67,56.47,56.46,55.78,55.28,55.70,55.85,56.26,56.08,56.42,56.82,56.49,55.21,55.59,53.80,55.20,53.85,54.16,54.89,55.49,55.37,54.67,54.80,53.66,57.53,57.19,58.58,57.82,55.60,55.35,53.30,52.85,53.00,53.70,55.35,53.26,51.45
CTXS,139.43,135.51,133.51,133.34,135.63,134.89,139.20,137.71,136.95,138.32,136.13,133.85,133.15,137.20,134.22,133.99,133.94,135.13,135.92,135.40,132.37,134.88,141.53,138.65,137.14,140.60,147.80,145.23,145.20,144.03,142.24,144.29,142.91,142.80,143.23,141.51,140.49,140.39,138.08,136.35,137.40,136.49,135.73,137.57,141.14,140.79,142.64,142.64,139.85,142.76,141.69,139.29,138.03,142.00,142.49,145.54,167.15,165.81,167.73,155.83,151.87,150.82,153.67,149.08,152.28,152.68,149.69,150.08,150.38,150.06,149.38,147.91,144.82,142.77,140.89,142.17,142.72,144.84,144.60,146.73,145.37,145.46,143.23,140.74,137.88,141.37,140.22,139.89,139.15,139.93,139.57,143.87,146.65,148.12,141.19,139.21,138.95,137.04
DOCU,225.60,220.39,224.05,221.20,225.92,218.27,222.26,215.24,212.93,213.24,212.36,203.85,211.52,212.13,205.02,194.86,193.39,197.01,202.02,202.95,197.94,205.95,211.79,205.63,216.26,242.01,265.16,268.80,223.00,215.24,214.77,214.41,205.09,204.49,210.18,214.48,208.21,209.47,207.70,199.71,199.38,193.30,191.82,198.38,204.76,215.68,226.02,227.68,226.28,216.83,213.94,209.15,196.73,196.27,190.95,198.49,203.98,201.03,201.99,196.41,191.72,192.83,196.43,190.02,210.11,212.42,206.35,197.75,190.66,190.99,178.96,172.21,171.67,177.58,168.40,163.91,166.80,168.30,161.42,162.30,161.71,163.05,162.69,150.60,148.90,148.05,141.92,146.54,139.64,140.06,147.45,147.68,147.22,139.74,127.80,126.54,128.95,133.00
FB,264.45,263.76,258.12,258.66,264.65,259.94,266.63,261.90,261.79,256.82,254.82,249.53,249.02,254.75,248.15,252.53,254.82,263.52,272.42,266.15,266.61,268.09,273.72,271.16,282.73,291.12,302.50,295.44,293.20,293.66,293.22,303.91,280.82,271.39,267.01,269.01,262.59,262.34,261.16,261.24,261.30,259.89,256.13,263.00,268.44,265.28,249.12,249.83,251.96,253.67,234.50,233.29,230.12,233.50,230.71,232.60,239.87,241.75,245.42,242.03,240.93,240.28,239.73,239.00,245.07,244.50,243.58,240.86,240.28,233.42,237.55,227.07,220.64,216.08,235.68,234.02,242.24,239.22,238.79,235.94,235.53,235.65,232.50,228.58,224.43,236.73,238.67,231.40,230.77,226.29,230.16,232.72,231.91,225.09,225.46,229.14,232.20,234.91
GOOG,1515.22,1485.93,1460.29,1453.44,1486.02,1458.42,1490.09,1469.60,1469.33,1464.52,1444.96,1428.29,1415.21,1465.46,1431.16,1459.99,1495.53,1520.90,1541.44,1519.28,1520.72,1532.02,1556.96,1532.39,1591.04,1641.84,1728.28,1660.71,1634.18,1644.41,1634.33,1652.38,1608.22,1588.20,1580.42,1581.75,1547.53,1558.60,1517.98,1507.73,1518.45,1506.62,1480.32,1496.10,1494.49,1500.10,1473.61,1464.97,1474.45,1482.96,1531.45,1522.02,1500.34,1530.20,1511.87,1515.68,1568.49,1558.42,1565.72,1515.55,1518.00,1513.64,1520.58,1511.34,1541.74,1510.99,1496.00,1485.18,1495.70,1464.70,1438.04,1413.61,1394.97,1359.90,1441.33,1431.97,1464.41,1451.86,1431.72,1435.96,1451.12,1442.72,1419.85,1413.18,1403.84,1465.85,1456.16,1446.61,1438.39,1412.18,1436.38,1439.22,1431.82,1428.92,1416.73,1417.84,1417.02,1410.42
GOOGL,1510.45,1483.43,1459.14,1451.02,1482.83,1455.60,1487.90,1465.60,1466.02,1458.66,1439.06,1422.86,1409.39,1459.82,1430.14,1451.09,1487.04,1512.09,1535.12,1508.83,1515.76,1526.05,1547.23,1523.60,1581.21,1629.51,1717.39,1655.08,1629.53,1639.43,1628.52,1644.13,1605.85,1585.15,1575.57,1576.25,1544.61,1555.78,1516.24,1504.63,1516.65,1507.24,1480.54,1496.82,1498.37,1504.95,1479.09,1473.30,1482.76,1487.95,1538.37,1523.51,1503.65,1529.43,1508.21,1516.75,1564.85,1555.92,1563.84,1516.85,1514.92,1516.88,1520.86,1512.23,1539.01,1518.66,1503.60,1489.92,1499.65,1469.93,1442.00,1418.05,1397.17,1362.54,1441.10,1432.70,1463.98,1450.66,1424.64,1434.12,1452.54,1446.47,1420.74,1412.92,1401.90,1464.70,1452.08,1448.04,1440.02,1414.30,1439.25,1442.31,1434.87,1433.52,1418.24,1420.28,1421.37,1413.24
INTC,52.82,53.37,52.67,51.37,51.69,51.01,52.24,51.78,51.19,51.43,49.94,49.16,48.82,49.95,49.72,49.89,50.32,50.37,50.00,49.41,49.28,48.96,49.62,48.91,50.08,50.39,52.25,50.79,50.95,50.43,49.40,49.55,49.43,49.14,49.28,49.17,48.33,48.65,48.93,48.89,48.56,49.19,48.19,49.22,48.03,48.57,48.92,49.13,48.30,47.73,47.99,48.07,49.24,49.57,50.59,60.40,61.05,60.70,61.15,60.00,59.14,59.03,58.98,58.58,59.53,58.42,58.61,58.31,59.54,59.13,58.81,59.83,58.27,57.50,58.51,59.09,59.92,60.09,59.62,60.08,60.49,60.40,60.10,59.33,59.70,63.87,63.04,63.67,64.34,62.97,61.93,62.12,61.86,62.93,61.70,63.56,62.34,62.26
INTU,341.81,334.99,334.91,325.38,331.36,321.89,332.34,326.21,323.64,325.55,318.50,308.59,304.93,317.28,307.70,300.13,307.23,313.38,322.47,318.31,315.00,320.39,328.21,320.82,333.11,339.63,354.18,347.18,345.39,346.11,345.00,342.34,336.42,333.12,322.23,320.06,310.55,308.90,308.01,305.54,306.71,304.75,299.20,304.18,309.43,312.23,310.95,310.64,311.70,306.37,303.94,302.18,296.80,296.15,288.68,291.55,296.44,297.88,298.72,289.27,285.70,289.97,285.37,297.64,307.55,307.91,310.38,307.93,309.65,305.30,302.58,296.19,287.92,286.52,288.75,286.13,293.83,294.12,286.32,287.23,286.49,288.58,283.14,280.68,277.87,295.87,291.25,293.05,288.11,282.92,290.10,287.18,289.95,290.32,283.87,281.21,282.20,287.61
KLAC,211.04,206.69,202.90,199.83,199.95,191.96,198.98,193.74,193.33,193.25,187.91,184.54,180.79,183.30,181.10,178.96,180.49,180.81,180.76,178.08,171.94,173.13,174.46,174.47,193.37,201.41,215.54,207.95,205.14,208.61,204.45,212.23,210.28,208.36,203.97,206.85,210.54,211.76,216.63,211.51,209.96,208.00,200.54,203.09,202.85,203.59,203.99,204.90,207.65,199.83,197.90,195.13,192.47,197.07,188.21,203.92,205.94,203.51,203.01,197.20,196.04,196.04,200.93,199.57,202.26,203.59,204.51,202.69,203.59,196.51,193.15,194.48,191.73,189.57,192.35,188.62,193.21,191.86,193.10,193.74,193.89,192.99,187.75,184.69,180.58,192.77,191.03,191.87,192.48,186.29,186.05,177.29,175.96,175.96,174.61,176.73,176.64,173.00
LRCX,362.71,355.43,345.77,340.98,342.23,328.71,339.13,331.75,337.71,336.61,330.27,327.17,317.02,318.69,314.96,307.21,305.89,306.60,308.93,305.42,293.99,297.51,300.91,302.72,333.12,341.53,362.70,340.56,336.34,350.78,341.45,351.80,352.50,351.02,353.44,358.50,372.19,374.57,379.08,373.64,377.02,381.52,369.01,375.76,372.44,377.81,383.47,384.96,381.41,377.16,378.54,360.83,348.93,358.08,345.72,354.82,361.96,357.02,353.75,346.27,344.88,343.22,346.06,337.14,339.98,335.76,333.80,327.89,334.96,323.70,317.48,323.46,308.46,302.52,312.60,305.78,315.98,312.30,315.25,314.80,313.78,305.48,291.14,284.52,282.43,301.30,302.33,297.59,304.92,291.84,286.89,271.46,270.97,273.67,266.82,276.11,266.36,261.14
MCHP,113.98,111.58,108.79,106.49,107.31,103.76,107.05,102.76,102.74,103.07,99.05,97.75,97.65,99.20,98.50,101.40,103.52,103.57,103.62,102.21,100.70,100.60,101.45,102.88,108.15,109.01,114.69,112.35,109.70,110.52,107.41,107.63,109.00,107.42,107.93,104.92,108.12,107.35,103.36,100.20,100.58,102.09,100.64,100.26,98.97,99.19,98.50,107.32,104.87,101.73,102.25,102.69,100.52,103.09,100.21,101.53,104.49,106.69,107.68,105.67,105.64,107.88,107.57,104.57,106.61,107.55,103.98,104.99,107.75,104.61,103.12,105.31,102.57,100.05,101.98,101.08,104.08,103.71,103.45,104.29,104.59,103.78,101.25,99.63,97.45,104.35,105.73,108.47,110.00,106.85,108.79,96.84,95.74,96.02,95.43,96.75,93.85,87.81
MSFT,215.81,210.58,209.83,205.91,210.38,206.19,212.46,210.33,207.26,209.44,207.82,203.19,200.59,207.42,202.54,200.39,202.91,205.05,208.78,205.41,204.03,205.37,211.29,202.66,214.25,217.30,231.65,227.27,225.53,228.91,226.58,221.15,216.47,213.69,213.02,214.58,209.70,211.49,210.28,208.90,208.70,209.19,203.38,208.25,212.48,216.35,212.94,213.29,216.54,205.01,203.90,204.06,202.02,203.85,201.30,202.54,211.75,208.75,211.60,202.88,203.92,208.04,208.35,207.07,213.67,214.32,212.83,208.25,210.70,206.26,204.70,203.51,198.44,196.33,200.34,197.84,201.91,200.57,195.15,196.32,194.24,193.57,188.94,187.74,186.27,196.84,189.80,188.36,187.20,182.92,185.36,184.91,182.83,183.25,181.40,181.81,181.57,183.51
MU,49.89,49.90,48.41,47.32,47.60,46.55,47.92,46.96,50.71,49.72,49.14,49.47,49.85,49.70,49.15,50.74,50.98,50.21,49.05,49.03,46.09,44.87,45.15,45.03,46.48,46.33,47.83,45.76,45.51,45.69,44.62,44.96,45.10,43.76,42.66,42.99,44.05,44.40,45.22,45.60,46.14,48.48,47.76,49.15,48.75,48.70,51.05,51.30,50.39,50.06,50.74,50.39,50.09,51.59,50.02,52.64,51.65,51.52,51.21,49.47,50.10,50.51,49.71,49.46,50.70,49.98,49.71,49.09,50.92,49.83,49.70,51.52,49.15,48.49,49.19,48.29,49.84,51.15,50.83,50.48,50.96,51.02,49.24,48.69,48.52,52.47,53.15,53.70,53.72,51.22,48.92,46.82,46.34,47.91,46.47,49.45,45.80,44.94
MXIM,73.00,71.44,70.07,67.60,68.25,66.38,69.28,67.61,67.84,68.02,65.53,64.96,64.60,65.83,65.15,66.14,66.94,67.06,67.09,66.35,66.00,66.35,66.96,65.36,68.68,68.55,70.71,69.35,68.44,70.22,70.04,70.31,70.82,69.10,68.51,69.00,68.95,68.90,68.97,68.60,69.40,70.10,68.77,68.91,68.69,69.09,68.89,69.18,68.88,68.09,69.01,69.90,68.94,68.91,67.13,67.44,68.93,69.00,71.37,70.04,69.54,70.47,69.93,69.29,64.09,64.47,62.08,61.51,61.98,60.40,59.69,60.61,59.60,59.20,60.19,59.91,61.52,60.57,60.45,60.56,60.33,59.88,58.28,57.15,57.06,59.96,60.66,61.19,61.28,60.57,60.56,58.70,57.86,57.68,56.52,57.57,58.21,56.12
NTES,90.60,88.42,86.94,89.39,90.62,89.10,92.72,90.93,90.15,92.79,94.43,94.04,94.20,96.86,95.98,93.21,94.00,94.86,95.50,93.09,91.14,91.90,94.40,91.55,97.05,97.07,98.72,98.36,97.44,100.83,102.38,102.80,102.83,98.58,97.00,95.86,95.14,95.96,94.91,92.28,92.97,94.91,90.90,91.28,93.30,96.41,96.17,95.96,93.80,91.68,90.24,90.48,90.06,90.38,89.67,91.08,93.02,94.37,94.18,91.45,90.00,94.44,95.21,95.40,96.89,96.65,90.91,88.86,88.01,86.18,85.55,85.88,86.53,87.61,87.21,87.49,87.01,83.64,82.64,81.86,81.47,82.53,82.64,81.90,82.29,85.00,81.91,81.83,85.07,81.00,82.92,81.73,79.52,76.58,73.25,75.42,77.27,
NVDA,550.51,553.55,558.56,549.46,545.70,522.49,544.58,541.22,529.03,521.40,514.95,493.92,484.95,505.51,500.69,487.57,498.54,500.58,519.64,514.89,486.58,492.47,508.60,476.52,504.90,520.62,573.86,552.84,534.98,525.91,505.13,510.92,510.00,508.81,507.34,485.64,485.54,490.43,493.48,462.56,457.72,457.61,434.00,446.60,447.98,453.42,451.47,449.11,440.41,424.59,424.56,418.62,408.62,416.86,407.78,405.19,417.55,413.14,420.43,408.06,405.39,409.09,415.08,402.09,419.17,420.36,408.64,394.87,393.57,384.49,381.20,379.91,368.00,366.20,379.60,369.42,378.00,381.07,370.45,368.72,369.44,362.74,366.95,357.30,351.85,374.67,361.84,352.20,356.80,350.66,350.78,353.01,352.25,355.02,339.48,341.01,348.71,361.05
NXPI,141.53,134.83,133.60,130.90,132.00,127.39,130.99,124.81,123.29,124.00,119.83,119.16,119.94,122.63,121.35,126.09,127.76,128.59,127.41,125.70,124.75,123.10,124.24,119.72,126.33,126.10,132.10,128.20,125.76,127.23,126.05,127.53,127.31,123.78,121.50,121.45,123.75,124.38,124.80,123.04,122.74,124.91,121.33,121.39,120.71,122.45,119.86,120.91,119.15,117.53,117.22,119.09,115.24,120.24,115.75,119.18,121.36,123.49,123.56,122.71,121.13,121.83,120.45,117.04,117.10,117.90,116.43,115.43,116.53,112.72,111.91,114.04,111.58,108.15,113.37,113.06,119.92,117.04,117.27,117.19,116.75,113.26,109.46,106.17,102.47,110.29,111.51,114.10,113.82,109.55,108.55,101.45,99.19,96.10,99.26,104.39,102.01,98.33
QCOM,124.87,122.34,123.03,119.54,120.52,115.47,119.52,117.68,117.38,118.47,114.50,112.19,110.57,113.82,111.92,110.69,114.88,114.56,116.58,113.46,113.42,112.44,114.02,109.77,115.97,116.43,123.18,122.01,119.10,118.20,116.02,116.04,115.95,115.91,113.00,110.66,111.04,112.03,112.18,113.74,113.41,115.79,108.83,106.36,108.25,111.06,111.39,110.95,109.59,105.61,107.19,93.03,91.45,92.70,88.89,89.67,92.60,92.31,93.17,92.23,91.20,92.55,92.38,91.33,92.51,93.25,93.53,92.14,92.92,91.87,89.78,91.21,89.01,88.02,88.96,89.14,89.35,89.13,88.81,89.92,89.94,89.52,86.39,85.24,84.02,91.01,89.75,91.37,88.55,86.04,84.11,84.63,79.73,80.88,78.11,79.29,78.02,78.70
SNPS,222.82,219.03,219.53,214.34,216.64,212.05,217.09,213.98,212.32,212.64,208.50,201.51,197.86,204.80,201.98,197.93,201.86,206.86,210.95,205.54,200.24,203.28,205.33,198.99,208.98,214.79,229.36,225.34,221.30,219.49,217.17,219.77,216.17,213.77,213.10,215.16,198.22,200.09,200.21,196.16,196.35,194.34,191.04,195.64,198.79,202.26,201.56,201.85,202.80,199.22,199.34,198.42,194.90,197.09,193.37,197.80,200.66,199.69,201.90,196.28,193.22,194.35,195.28,194.15,198.01,204.55,201.48,197.63,199.39,197.58,196.90,195.00,189.72,190.42,189.69,189.20,192.87,193.27,184.45,189.88,188.97,186.15,184.05,179.60,179.52,189.42,189.62,186.82,182.97,182.45,184.21,183.02,182.60,180.91,174.05,170.42,168.53,171.11
SPLK,212.43,209.05,206.08,198.19,194.07,194.80,192.56,188.13,187.18,187.90,184.89,175.91,177.48,184.93,177.73,174.89,177.68,182.55,185.35,183.67,186.93,192.83,196.55,191.89,200.14,206.72,221.79,223.59,219.33,220.42,215.39,216.74,203.62,202.23,202.35,200.17,195.46,197.65,195.00,192.34,193.37,190.40,195.64,197.90,200.38,213.66,217.30,210.89,214.42,209.82,209.39,208.33,205.30,203.15,199.57,201.93,204.51,203.95,207.67,199.97,199.02,200.56,199.78,198.00,211.32,204.85,205.16,196.68,198.66,199.91,203.61,198.70,194.50,196.80,193.04,190.61,193.08,193.09,187.16,186.20,183.79,184.15,181.50,178.88,173.74,187.22,183.93,186.31,183.12,181.58,188.98,188.54,186.56,185.84,180.00,181.62,181.15,184.26
SWKS,154.28,151.55,149.86,147.27,151.62,146.83,152.10,145.50,144.35,143.97,138.00,135.20,133.92,139.64,134.25,136.01,138.36,140.34,140.91,137.79,136.15,135.23,137.61,130.84,139.01,139.91,153.29,146.46,144.85,143.62,140.10,142.71,142.53,142.25,142.05,140.63,142.05,143.19,146.09,146.12,148.06,147.56,141.33,143.54,144.37,148.07,145.37,145.27,147.20,145.58,142.19,136.45,134.66,136.69,131.61,135.34,136.30,137.45,137.80,133.95,131.63,131.32,131.18,129.47,131.22,132.73,132.15,132.28,131.45,128.42,125.85,127.86,126.00,125.85,127.30,126.41,128.35,127.58,127.35,129.10,130.74,128.39,127.24,126.91,123.38,131.90,134.51,134.74,136.16,128.67,127.26,123.77,119.10,118.54,115.47,119.03,117.72,117.02
TXN,150.91,148.06,146.75,143.85,144.08,141.09,144.91,142.79,141.50,141.94,138.32,136.69,135.16,138.65,136.98,138.66,140.40,139.68,140.64,138.53,136.37,137.19,139.68,136.04,140.47,141.67,147.64,144.96,142.15,143.49,141.49,142.45,141.66,141.02,140.33,138.57,138.48,139.31,138.28,137.35,137.15,138.64,136.04,135.41,133.56,133.74,132.70,132.23,129.32,127.55,128.89,131.64,130.13,132.12,129.63,129.04,132.53,135.48,136.58,133.89,132.18,132.15,131.89,128.82,130.53,130.43,129.26,128.60,129.53,125.81,124.80,126.97,124.77,123.37,125.06,123.99,126.62,125.23,124.89,125.98,126.22,126.11,124.23,123.97,124.61,131.40,132.12,132.86,131.44,128.58,127.21,122.67,117.86,118.74,115.87,117.82,115.73,113.43
VRSN,209.56,205.47,203.82,202.09,203.45,202.16,207.22,204.85,204.91,204.72,205.58,202.01,200.14,205.29,202.89,204.68,203.49,202.99,204.33,202.00,198.13,198.00,200.33,196.81,203.54,207.78,219.70,215.78,214.80,208.14,207.87,208.51,205.70,207.30,206.73,208.16,206.15,206.99,206.75,207.29,210.30,205.22,201.80,206.30,210.40,211.80,212.16,214.38,212.05,211.68,208.48,208.73,206.42,209.79,208.53,205.48,205.81,205.01,207.66,199.70,198.39,199.19,198.65,201.00,209.99,212.61,210.80,211.11,212.20,210.81,210.48,206.83,204.10,203.64,205.11,202.73,207.19,205.75,205.26,207.23,209.00,207.40,205.85,204.17,204.16,213.15,213.43,214.45,211.28,210.23,213.96,217.39,219.03,219.01,212.78,209.98,208.22,213.72
WDAY,225.73,224.04,227.21,217.01,222.04,218.98,220.52,215.13,220.78,220.34,215.78,208.69,207.39,211.80,203.55,200.45,203.19,205.62,207.63,208.41,206.20,207.31,210.75,208.58,215.80,223.00,233.48,241.75,239.71,243.88,216.63,213.62,194.03,191.60,192.65,194.32,191.20,191.56,185.24,181.58,183.76,178.25,177.55,181.05,177.47,183.69,183.99,181.49,181.59,180.92,180.58,183.91,180.38,183.76,182.78,185.37,188.57,188.50,193.99,182.83,181.71,183.23,185.68,184.77,195.88,197.56,198.30,191.60,190.79,188.45,191.47,187.36,186.18,187.48,186.26,180.07,185.34,184.94,183.56,187.81,182.56,181.14,178.00,173.55,173.50,183.05,179.76,181.23,178.67,175.30,181.71,178.83,177.96,183.43,182.56,170.38,168.34,168.15
WDC,38.12,38.70,37.55,36.26,36.57,35.96,36.33,36.55,39.32,38.62,38.47,37.53,38.92,36.47,36.09,37.21,38.28,38.78,37.78,38.94,37.37,36.25,36.55,36.45,38.16,37.71,38.86,37.34,38.42,37.84,35.24,34.30,34.31,34.54,33.71,34.10,34.45,34.71,35.60,35.74,35.74,36.77,36.98,37.36,36.99,37.30,44.47,44.76,43.90,43.10,42.76,42.42,42.85,43.73,42.85,46.16,43.96,44.17,43.58,43.41,43.80,44.07,42.05,41.85,42.31,42.32,42.80,41.72,42.95,42.44,42.45,44.15,41.99,40.87,42.57,42.25,43.51,45.11,44.39,42.82,43.71,44.47,42.93,42.95,42.35,46.85,47.83,48.53,48.46,45.98,45.44,44.00,43.08,44.37,43.62,46.01,45.07,42.42
XLNX,120.94,105.99,105.83,103.94,104.74,102.59,105.91,104.24,103.63,103.80,100.35,99.01,97.29,100.02,99.41,100.72,101.40,102.33,102.83,101.72,98.65,98.80,100.39,97.69,101.64,103.10,108.86,105.31,104.16,104.91,103.72,104.98,103.39,102.47,102.00,101.38,102.39,103.22,104.64,105.31,105.50,106.04,104.61,106.45,107.46,108.66,107.57,107.75,106.39,107.35,111.87,107.82,104.81,106.81,102.66,103.09,103.05,102.15,103.03,100.49,99.17,99.31,98.63,97.91,99.14,100.23,99.28,99.17,102.10,95.29,93.27,98.39,91.96,91.02,93.29,92.89,95.25,94.49,95.48,93.47,93.50,93.48,90.63,90.70,89.74,95.30,95.83,96.54,96.20,95.68,95.39,93.10,90.85,91.95,89.15,91.04,88.33,86.59
BABA,299.74,300.54,296.50,292.39,288.27,288.17,290.05,293.98,276.93,276.01,271.09,269.73,272.95,275.29,273.82,272.41,275.72,278.14,277.96,274.10,271.61,267.55,273.15,270.02,281.39,282.50,296.07,298.00,287.03,289.00,284.17,291.96,286.00,276.02,265.80,257.97,260.59,259.20,256.96,253.97,253.72,255.19,248.42,248.13,252.10,265.68,264.91,262.20,257.94,251.02,252.74,252.45,249.05,250.86,249.00,251.88,251.70,257.90,254.81,247.14,242.50,249.21,248.58,251.67,261.01,261.58,257.68,236.51,240.00,223.60,215.95,215.70,215.02,215.71,222.16,226.22,228.75,221.41,220.64,223.54,224.25,222.62,217.03,217.64,215.24,223.68,220.72,219.00,219.55,218.04,218.61,214.33,206.57,207.39,199.49,201.18,201.72,199.70
TSLA,434.00,425.92,425.30,413.98,425.68,415.09,448.16,429.01,419.07,421.20,407.34,387.79,380.36,424.23,449.39,442.15,423.43,441.76,449.76,419.62,372.72,371.34,366.28,330.21,418.32,407.00,447.37,475.05,498.32,442.68,447.75,430.63,404.67,402.84,410.00,400.37,375.71,377.42,367.13,330.14,324.20,310.95,274.88,283.71,290.54,297.92,297.00,297.40,297.00,286.15,297.50,299.82,295.30,307.92,283.40,302.61,318.47,313.67,328.60,300.17,300.13,309.20,303.36,299.41,308.93,278.86,273.18,277.97,274.32,241.73,223.93,215.96,201.87,191.95,197.20,192.17,200.36,198.86,200.18,200.79,198.36,196.43,198.18,187.06,194.57,205.01,188.13,189.98,177.13,172.88,176.59,176.31,179.62,167.00,161.16,164.05,163.77,163.38
CRM,265.98,260.22,259.98,250.14,251.53,247.85,253.45,251.32,247.45,246.67,242.74,237.55,235.99,247.78,245.05,242.78,244.53,250.60,251.68,246.64,243.10,247.80,250.43,241.27,254.70,265.01,276.69,281.25,272.65,271.10,276.32,272.32,216.05,208.46,207.53,209.51,205.11,204.01,196.74,193.46,195.14,192.62,191.99,197.16,201.05,207.79,202.64,201.41,203.19,194.85,191.70,193.61,189.50,190.96,188.49,188.54,191.31,190.80,195.09,187.78,185.51,188.09,189.56,188.34,198.88,200.74,200.28,196.38,197.72,192.53,191.89,187.33,183.33,183.17,188.34,185.55,189.06,191.65,186.95,187.66,181.40,180.48,178.61,175.11,172.05,182.10,174.56,176.55,173.88,171.44,174.99,174.23,176.36,174.79,181.10,176.60,176.52,177.85
PYPL,197.27,193.06,194.61,191.66,196.85,191.91,196.94,197.03,194.50,192.02,187.25,182.19,181.61,187.78,183.21,176.07,175.79,180.91,186.02,186.96,184.00,190.09,194.60,185.95,191.84,204.99,210.82,208.93,204.14,204.48,204.34,203.48,201.67,198.88,196.79,198.18,192.44,194.57,196.29,191.46,193.07,191.32,189.03,193.32,198.63,204.09,202.91,197.33,197.07,196.07,192.51,184.60,176.27,177.98,172.56,173.86,178.42,175.58,178.82,173.92,169.81,172.06,172.30,171.51,178.40,183.23,181.57,177.28,176.18,177.21,177.43,174.23,168.35,170.87,172.50,168.00,172.79,170.26,164.36,168.05,163.83,161.22,157.55,155.26,153.04,159.91,156.86,156.09,156.00,154.60,156.78,157.49,154.53,155.01,148.79,145.96,147.00,150.86
ATVI,78.21,77.80,78.47,78.30,79.99,78.30,82.68,80.95,80.78,81.95,80.98,79.69,80.13,82.65,81.41,80.09,78.77,79.99,81.75,79.12,77.97,79.09,79.59,76.18,79.01,80.31,83.45,83.33,83.52,83.21,83.90,84.48,83.62,83.10,83.21,84.00,81.98,83.13,81.99,80.40,81.29,81.71,79.12,82.26,82.47,86.84,84.32,86.45,84.79,82.63,81.70,81.20,80.72,81.63,79.99,79.61,81.10,80.76,81.16,78.64,79.37,79.15,79.77,77.95,81.27,80.64,79.28,78.50,78.67,77.51,78.03,75.90,75.50,76.40,76.21,75.58,76.45,76.12,76.58,76.01,75.53,73.00,73.19,71.68,71.28,73.82,72.00,70.73,69.43,69.81,69.92,72.98,72.99,71.98,70.22,70.15,70.00,73.08
EA,127.45,125.99,125.01,124.84,130.72,129.07,132.78,130.41,130.02,132.28,131.19,129.32,128.42,131.02,128.29,125.90,125.26,126.74,128.33,126.18,126.02,127.26,128.70,124.30,130.13,132.82,139.56,138.29,139.47,140.87,141.77,143.63,142.21,142.33,141.21,143.48,141.86,142.58,140.45,140.43,141.77,139.90,135.70,140.70,143.99,146.95,146.18,146.32,142.36,141.62,138.59,135.93,134.78,136.16,135.24,135.36,138.30,139.34,141.53,138.31,138.05,138.43,138.53,135.31,140.81,138.77,135.61,134.78,134.27,133.84,135.22,132.05,130.69,130.93,130.74,130.87,130.60,129.72,130.19,129.35,128.11,125.73,126.52,121.97,122.42,124.81,121.07,119.51,118.32,117.18,117.93,122.36,122.78,122.88,121.35,117.38,116.64,119.82
MTCH,112.38,113.45,114.50,114.21,114.05,111.94,116.21,110.65,109.12,108.59,105.75,103.43,102.89,106.51,106.85,108.41,107.56,108.30,110.98,108.26,103.65,105.46,105.56,102.06,105.94,110.54,117.49,113.41,111.68,111.50,111.53,112.53,112.28,111.90,112.55,113.08,114.15,115.21,114.11,118.80,117.44,115.92,115.50,115.65,115.88,113.97,120.71,107.57,110.40,102.70,102.35,102.79,98.44,91.77,90.36,91.15,93.37,93.93,97.17,91.75,94.46,96.43,97.93,96.92,100.39,96.32,94.20,92.00,94.70,98.92,105.67,92.35,90.78,87.07,86.88,86.24,86.56,84.02,84.33,86.85,83.47,82.28,79.99,78.33,77.13,79.82,80.43,80.52,81.30,80.51,81.60,80.37,79.62,77.20,77.44,76.16,74.71,74.48
ZG,104.64,105.09,105.79,105.28,110.26,108.00,107.56,101.54,101.39,100.98,101.20,97.44,95.93,98.60,94.81,95.31,95.97,94.70,91.00,87.05,85.24,82.54,82.27,80.49,83.44,85.02,88.90,88.26,85.28,86.95,84.96,83.55,82.63,83.36,82.89,82.88,83.50,82.39,79.82,76.67,74.56,76.10,75.24,79.41,79.84,71.57,70.64,68.10,67.76,68.09,69.53,66.41,64.86,66.73,65.43,65.33,66.98,64.56,65.97,64.05,61.74,58.97,57.75,58.22,61.75,62.42,63.20,62.03,60.98,59.39,58.60,57.48,56.71,55.43,58.86,59.02,62.77,60.51,62.00,61.33,60.58,59.40,60.02,56.95,56.28,59.51,60.99,62.15,59.52,61.38,62.13,59.32,58.30,57.96,57.21,59.04,58.65,55.98
TTD,613.11,605.55,593.43,585.25,573.91,556.48,555.17,518.78,498.30,487.63,473.17,453.20,457.27,467.72,461.55,435.75,428.77,441.31,445.30,427.51,418.64,427.11,433.04,420.09,441.26,464.65,515.01,501.39,481.30,485.70,474.10,481.04,469.90,466.66,461.78,470.26,464.01,469.08,474.85,465.60,471.84,460.03,445.65,465.73,493.20,480.75,495.99,481.11,475.32,451.32,430.29,427.84,419.46,432.16,426.07,424.39,443.32,444.08,457.65,433.03,429.11,436.37,432.04,430.63,461.98,463.00,462.49,450.71,447.08,442.93,429.14,406.50,406.15,407.03,409.71,396.37,410.03,402.80,394.78,394.39,382.44,372.03,370.60,354.51,347.54,368.52,362.98,358.31,354.29,337.24,354.98,318.26,310.31,311.56,298.17,294.23,299.29,307.60
AMZN,3286.65,3190.55,3195.69,3099.96,3199.20,3125.00,3221.26,3148.73,3144.88,3174.05,3095.13,3019.79,2999.86,3128.99,2960.47,2954.91,3008.73,3078.10,3156.13,3102.97,3116.22,3175.11,3268.61,3149.84,3294.62,3368.00,3531.45,3499.12,3450.96,3401.80,3400.00,3441.85,3346.49,3307.46,3284.72,3297.37,3260.48,3312.49,3182.41,3148.02,3161.02,3162.24,3080.67,3148.16,3167.46,3225.00,3205.03,3138.83,3111.89,3164.68,3051.88,3033.53,3000.33,3055.21,3008.91,2986.55,3099.91,3138.29,3196.84,2961.97,2999.90,3008.87,3084.00,3104.00,3200.00,3182.63,3081.11,3000.12,3057.04,2890.30,2878.70,2758.82,2680.38,2692.87,2754.58,2734.40,2764.41,2713.82,2675.01,2653.98,2640.98,2615.27,2572.68,2545.02,2557.96,2647.45,2600.86,2524.06,2483.00,2460.60,2478.40,2472.41,2471.04,2442.37,2401.10,2410.39,2421.86,2436.88
TSM,88.78,87.80,86.92,83.12,84.54,80.80,82.62,81.07,80.51,79.77,78.88,78.38,77.92,80.48,80.59,80.23,81.91,83.13,85.85,80.50,78.82,78.90,79.40,77.32,78.91,81.18,82.17,81.55,79.25,80.44,80.60,81.75,80.04,78.90,78.34,76.81,78.54,79.41,80.19,78.41,78.30,79.39,77.94,79.87,80.03,80.52,81.63,80.19,78.95,78.89,79.93,82.67,76.92,83.25,73.90,67.37,68.53,67.81,66.89,66.40,66.59,66.06,66.96,65.07,63.85,64.78,62.59,60.71,61.88,58.62,56.82,56.77,56.39,56.33,57.04,56.58,56.76,56.00,55.31,56.15,56.60,55.80,56.02,56.00,55.04,57.55,56.61,55.57,55.20,54.28,53.06,52.01,51.03,50.33,50.28,51.74,50.82,49.80
ORCL,61.15,60.89,60.59,59.51,59.56,58.83,59.68,59.70,59.47,59.58,59.80,59.30,58.96,60.62,60.82,59.75,60.18,60.43,60.94,59.46,57.00,57.33,56.95,55.32,55.73,57.10,59.03,57.66,57.22,57.88,57.18,57.49,56.09,56.01,55.19,55.26,56.20,55.18,53.99,54.20,54.02,54.17,54.27,54.94,55.23,55.28,55.50,56.00,55.98,55.45,55.25,55.70,55.35,55.34,55.65,55.76,56.01,55.91,55.40,54.90,55.82,56.62,57.20,57.01,57.39,57.53,56.66,56.31,56.60,55.94,55.49,55.27,54.76,54.18,54.53,54.44,55.19,55.12,54.40,53.69,51.52,54.59,53.25,51.86,51.31,54.11,54.18,55.10,53.98,52.85,53.49,53.28,53.06,53.77,53.62,53.20,52.78,52.62
SAP,157.14,156.12,154.32,154.05,156.60,154.29,156.82,155.81,156.57,157.08,152.06,153.34,152.11,157.23,155.88,160.15,160.43,158.97,160.67,160.70,159.57,159.00,162.45,154.69,159.43,161.92,169.02,166.36,165.41,166.72,165.85,168.46,165.58,163.89,160.31,162.98,161.31,161.78,160.48,160.09,160.85,162.61,159.15,159.64,161.17,161.98,161.64,160.26,162.15,159.22,160.17,164.66,160.36,164.87,158.62,161.27,164.47,162.51,159.77,156.28,155.12,156.61,153.85,150.93,153.49,152.67,146.95,144.06,147.56,142.85,140.08,140.00,138.43,136.78,137.66,135.85,141.07,140.98,137.03,135.14,134.52,133.53,130.42,130.14,129.50,136.58,136.74,136.61,135.82,134.34,133.56,130.46,128.51,128.10,123.63,122.98,121.47,116.07
IBM,127.79,131.49,124.07,121.97,122.01,120.57,121.09,121.67,120.94,121.73,118.95,118.09,118.83,120.51,120.25,122.76,124.92,124.22,122.44,122.09,121.46,120.56,122.26,121.21,122.30,124.45,128.18,123.40,123.31,125.07,124.65,124.17,124.64,125.68,123.16,123.15,123.84,124.92,124.44,125.27,125.03,126.70,126.75,127.11,124.96,126.12,125.45,125.84,124.31,122.94,122.90,125.32,124.47,126.21,125.79,127.33,128.67,126.06,126.37,125.11,124.01,123.00,120.60,119.20,118.35,115.71,117.71,117.58,120.19,119.70,118.54,120.77,119.75,117.19,119.03,116.42,119.41,121.07,122.47,124.16,124.15,125.15,121.65,121.91,118.01,129.87,131.87,135.75,132.06,128.89,129.05,126.00,124.89,124.90,124.53,125.54,121.76,118.39
VMW,151.48,150.25,147.75,147.00,145.06,142.95,144.70,143.67,145.74,142.99,141.65,140.38,139.02,142.61,140.27,141.19,141.39,144.87,143.15,140.82,142.01,139.82,140.13,134.48,137.47,144.02,147.03,141.28,144.44,146.09,142.90,143.59,140.69,142.25,138.85,138.92,139.26,138.78,136.42,135.85,137.18,140.72,140.87,141.46,142.31,144.34,145.90,143.28,143.17,140.21,138.88,139.83,138.48,141.14,140.82,142.12,144.23,143.42,145.01,139.93,139.87,139.70,138.25,138.40,146.09,147.99,147.00,145.53,149.15,149.88,153.10,154.86,150.99,146.50,149.45,152.73,149.23,148.00,150.69,143.43,141.24,139.49,136.89,135.85,136.29,144.79,146.41,151.85,149.77,148.08,149.39,152.94,154.14,156.27,142.44,139.66,137.93,134.60
HPQ,19.37,19.40,19.23,18.96,19.31,19.09,19.00,18.99,18.92,18.86,18.30,18.15,18.32,18.44,18.34,18.95,19.14,19.41,19.26,19.33,19.29,19.01,19.70,19.45,19.23,19.30,19.84,19.26,19.55,19.85,18.70,18.33,18.44,18.65,18.23,18.15,18.14,18.24,17.95,18.18,18.38,18.80,18.57,18.98,18.47,18.27,17.97,17.89,17.77,17.58,17.24,17.08,16.70,17.81,17.50,17.66,17.73,17.48,17.65,17.55,17.83,17.79,17.79,17.08,16.99,16.41,16.75,16.63,17.46,17.07,17.00,17.43,17.13,16.61,16.37,16.20,17.01,16.93,16.78,16.92,16.82,17.25,16.87,16.28,15.66,16.89,17.50,18.17,17.41,16.47,16.86,15.79,15.13,15.14,15.01,17.12,17.06,17.00
DDD,6.69,6.39,6.36,5.37,4.99,4.87,4.88,4.91,4.92,4.79,4.65,4.66,4.73,4.98,5.01,5.32,5.21,5.34,5.27,5.34,5.22,5.33,5.40,5.20,5.41,5.41,5.59,5.36,5.49,5.41,5.31,5.48,5.27,5.33,5.45,5.33,5.44,5.56,5.81,5.96,6.10,6.02,6.15,6.20,6.21,6.27,7.06,6.84,6.72,6.59,6.59,6.69,6.61,6.80,6.59,6.80,6.80,6.84,6.85,6.86,6.68,6.85,6.60,6.52,6.63,6.48,6.69,6.62,6.97,6.81,6.85,6.99,6.82,6.45,6.62,6.65,7.00,7.09,7.33,7.28,7.31,7.59,7.58,7.25,7.16,7.86,8.06,8.25,8.11,7.96,8.12,7.86,7.61,7.37,7.55,7.85,7.51,7.36
ACIW,30.08,30.01,29.22,27.62,27.95,27.26,26.85,26.13,25.66,25.70,25.24,24.93,24.73,25.11,25.08,25.47,26.61,26.54,26.79,26.19,24.66,24.19,24.91,28.03,29.11,29.03,30.25,29.99,29.38,29.83,29.72,29.98,30.24,30.00,29.71,29.92,30.59,30.84,30.96,30.69,30.80,31.21,30.74,30.49,30.50,30.94,28.43,27.46,27.18,26.79,27.38,27.78,26.78,27.31,27.20,27.79,27.74,27.61,27.21,27.09,26.85,27.22,25.91,25.43,25.72,25.09,25.34,25.29,26.35,26.78,27.00,26.99,26.45,26.26,26.92,26.51,27.40,27.42,27.14,27.14,27.36,27.76,27.18,26.48,25.77,28.01,28.29,29.08,28.96,27.76,28.26,27.63,27.73,27.58,26.51,27.35,26.75,26.19
ADTN,10.89,10.97,11.02,10.52,10.79,10.35,10.30,10.26,10.39,10.21,9.93,9.81,9.88,10.24,10.30,10.48,10.35,10.60,10.55,10.52,10.32,10.08,10.22,10.19,10.45,10.40,11.44,11.21,11.09,11.22,11.28,11.69,11.73,11.56,11.57,11.83,11.99,12.11,12.10,12.18,12.33,12.24,12.11,12.11,12.40,12.13,12.84,12.86,12.51,12.42,12.25,12.39,12.24,12.76,12.60,12.82,12.55,11.70,11.63,11.50,11.07,11.32,11.06,10.86,10.92,11.08,11.04,11.02,11.24,10.52,10.61,10.93,10.81,10.62,10.46,10.42,10.97,10.98,11.01,11.18,11.01,11.13,10.77,10.52,10.26,11.50,11.61,12.06,11.51,11.44,11.62,11.28,11.74,11.40,11.14,11.38,11.14,11.20
AKAM,112.53,111.08,109.68,108.16,109.10,108.61,109.93,110.54,111.21,110.97,111.47,110.47,110.08,112.75,110.16,109.06,106.88,107.07,108.86,108.19,106.49,106.34,108.94,104.11,108.43,113.40,119.57,119.03,116.43,115.63,114.06,112.38,111.00,110.87,110.65,110.35,109.21,108.73,107.87,107.90,109.23,107.00,106.22,107.87,109.22,109.18,110.73,111.73,112.98,112.44,110.50,110.68,111.99,114.65,111.74,112.69,113.81,113.45,115.24,112.65,111.66,112.78,112.27,109.94,114.26,114.22,112.67,110.98,112.61,113.12,106.33,107.09,104.99,105.37,102.89,100.97,100.88,101.59,100.47,100.69,101.41,100.04,100.54,100.34,100.48,103.85,102.73,103.38,99.00,101.84,103.01,105.53,105.71,105.80,102.91,99.97,100.08,100.42
MDRX,8.39,8.54,8.35,8.39,8.29,8.26,8.17,8.14,8.06,8.21,8.06,7.74,7.70,7.90,7.93,8.16,8.26,8.45,8.62,8.86,8.66,8.83,9.00,8.60,8.80,8.98,9.06,8.95,8.93,8.99,8.99,8.91,9.11,9.17,9.16,9.23,9.30,9.37,9.25,9.26,9.24,9.16,8.98,9.02,9.24,9.13,8.84,8.79,9.29,9.00,7.59,7.43,7.19,7.20,7.03,7.11,6.98,6.65,7.22,7.21,7.17,7.24,6.66,6.59,6.60,6.43,6.61,6.58,6.86,6.64,6.60,6.77,6.53,6.22,6.57,6.59,7.14,7.08,7.12,6.88,6.89,6.88,6.63,6.08,5.86,6.54,6.87,7.58,6.94,6.86,6.69,6.59,6.58,6.32,6.69,6.83,6.72,6.42
ALTR,45.10,44.68,44.99,45.39,44.92,43.00,43.53,41.98,41.70,41.88,41.43,39.88,40.11,42.67,41.87,41.93,40.66,40.38,39.70,39.06,37.67,38.71,39.75,38.91,39.93,40.49,43.31,43.00,42.02,42.60,42.24,42.63,42.25,41.81,40.91,41.75,41.47,41.35,40.35,39.96,40.89,40.15,38.68,38.80,41.03,41.14,42.09,40.67,40.29,40.30,40.51,40.46,39.17,39.71,38.19,38.95,39.12,39.20,39.41,38.05,37.31,37.95,37.49,37.02,38.56,38.69,39.00,38.80,39.05,39.40,40.31,39.75,38.79,38.14,39.83,39.14,39.56,39.15,37.84,39.06,38.56,38.20,37.68,37.02,36.24,39.42,39.14,38.93,40.21,39.25,39.89,39.82,38.94,39.09,37.60,37.69,37.69,36.29
DOX,59.40,58.90,58.28,57.65,57.88,57.49,57.54,57.41,57.45,58.14,57.52,57.19,57.04,57.99,58.32,58.00,58.52,59.51,58.53,57.92,57.30,57.04,57.35,57.14,58.75,60.96,62.66,61.55,61.23,60.83,60.44,60.14,60.28,60.34,59.66,59.99,60.65,60.99,61.52,61.80,61.01,61.12,61.29,62.45,61.89,61.88,61.91,62.05,62.58,62.10,60.87,61.25,60.02,61.26,60.52,60.61,59.89,59.14,59.99,59.57,59.23,59.10,58.85,58.67,59.00,57.76,58.67,58.21,59.40,60.02,61.10,60.88,60.20,60.82,60.91,60.08,61.48,61.07,60.17,61.84,62.50,63.19,62.78,62.48,62.74,65.01,65.83,65.93,63.25,63.67,63.74,63.72,63.10,62.26,63.04,63.07,63.34,63.25
AZPN,132.40,128.90,127.75,124.18,125.74,126.54,127.76,126.59,127.21,128.27,127.75,124.41,124.44,130.45,128.34,129.20,129.51,129.80,129.31,126.86,123.78,124.23,125.95,123.59,127.96,129.77,132.61,130.75,127.03,127.96,126.83,127.87,126.17,125.37,123.46,123.81,122.54,121.69,121.27,118.90,126.12,97.71,97.30,101.65,102.84,102.08,102.38,99.82,98.42,97.26,96.95,97.06,96.00,97.33,96.24,96.63,97.59,97.00,96.04,95.05,95.02,97.25,94.06,96.29,99.46,104.37,103.80,102.11,103.86,104.09,103.85,103.61,103.44,101.57,102.74,100.90,103.93,102.72,100.53,101.15,100.99,103.34,101.45,99.64,97.85,107.04,108.28,111.53,110.32,108.58,112.49,109.31,110.04,105.64,104.73,101.68,97.43,94.97
CACI,213.44,211.08,211.59,212.50,215.09,215.58,215.23,213.16,214.80,217.68,215.90,212.87,217.19,225.23,215.44,218.15,221.33,223.72,225.29,222.37,222.09,223.42,225.08,223.26,226.83,231.02,240.34,237.00,234.19,235.48,235.23,232.43,233.82,235.41,232.13,228.88,228.42,225.87,229.57,229.55,224.94,212.98,212.51,211.08,210.88,206.38,205.48,206.58,211.68,207.82,204.67,203.33,198.96,201.50,204.55,206.09,208.14,203.30,202.28,197.29,195.39,199.35,194.41,196.23,199.56,195.54,202.95,204.96,210.84,219.43,218.48,216.88,219.09,215.10,219.11,224.58,233.59,235.49,237.04,242.57,246.58,244.89,238.93,241.33,238.66,253.21,256.86,257.29,254.00,261.80,260.30,256.15,251.32,250.78,250.82,251.70,246.66,242.14
CIEN,43.03,42.38,41.88,41.14,41.36,40.12,39.74,39.69,39.99,39.78,39.32,38.82,39.29,41.11,40.59,41.03,41.13,41.43,41.62,42.57,41.55,40.58,41.97,42.08,44.28,45.46,60.07,58.60,56.77,56.03,55.99,56.93,57.09,59.60,59.86,59.88,59.84,59.08,59.45,59.74,60.68,60.55,60.17,60.56,60.99,60.95,59.92,60.39,59.93,59.51,59.11,59.45,57.59,58.92,56.72,55.17,54.95,54.52,54.35,54.60,52.85,53.46,52.97,52.36,54.97,56.16,55.51,55.90,56.57,53.26,53.59,54.16,53.15,53.47,53.36,53.22,54.08,54.15,53.62,53.36,53.62,54.40,53.75,52.76,52.21,54.93,55.09,54.51,54.29,53.94,56.31,55.67,56.00,55.26,54.79,55.57,53.91,52.81
CRUS,71.94,70.36,70.37,69.88,69.76,66.86,68.38,67.45,66.00,64.95,63.02,61.51,59.95,61.06,60.51,59.93,60.95,60.79,61.32,60.04,58.06,57.37,56.70,55.87,58.33,58.34,62.89,61.12,60.59,61.17,60.40,60.96,60.45,59.54,59.20,58.42,59.40,59.30,60.69,60.40,61.19,63.73,63.50,63.86,64.63,65.05,66.32,68.43,74.49,68.53,67.17,65.60,64.06,66.32,64.80,65.08,65.01,64.72,66.48,66.75,65.50,65.65,65.09,63.74,64.39,64.10,62.73,62.62,62.01,60.65,60.21,61.78,60.29,58.52,57.70,56.96,59.48,60.68,62.54,64.79,65.74,65.85,67.26,66.21,67.48,70.16,72.13,68.51,71.60,69.30,72.06,70.83,71.74,72.48,71.69,74.26,73.70,73.48
CVLT,43.81,43.20,42.48,41.95,41.43,40.44,41.41,40.80,41.15,40.97,40.07,39.84,39.83,40.91,40.65,40.88,40.86,40.89,40.63,41.11,40.39,39.67,40.18,40.21,40.86,42.13,43.69,43.41,43.23,43.54,43.53,43.83,43.23,43.46,42.72,43.29,43.14,42.53,42.15,42.46,42.66,42.77,42.78,43.09,43.87,43.60,43.70,44.13,44.07,44.08,43.43,43.60,42.85,39.20,37.94,38.60,38.61,38.82,38.84,38.42,38.18,38.69,37.76,37.23,37.92,37.83,38.07,37.83,38.90,39.15,38.99,38.70,38.13,37.35,37.67,37.48,37.90,37.78,37.89,38.27,38.88,39.46,38.55,38.78,36.92,39.56,40.87,41.75,39.93,39.61,40.42,40.65,41.03,40.46,38.96,39.75,38.22,36.09
GLW,34.78,35.23,35.06,33.62,33.53,32.81,32.53,32.41,31.97,32.03,31.20,30.69,30.59,31.61,31.42,32.44,32.82,32.64,32.82,32.74,31.94,31.88,33.07,31.76,32.05,31.90,33.70,32.85,32.46,32.66,32.13,32.78,32.89,33.37,32.47,31.87,32.23,32.11,32.33,32.32,32.52,32.73,32.30,32.15,31.85,31.84,31.88,31.19,30.90,31.00,31.12,31.61,30.24,30.63,29.29,29.80,29.60,29.31,29.04,29.04,28.76,28.06,27.36,26.72,26.67,26.51,26.48,26.49,26.82,26.00,25.66,25.90,25.68,25.41,25.81,25.81,26.88,26.54,26.70,27.35,27.25,27.66,27.12,26.93,26.15,27.85,27.63,27.27,26.68,24.75,25.15,23.88,22.74,22.79,23.05,23.33,22.48,21.38
CREE,69.54,69.03,67.92,65.63,66.30,64.07,65.83,63.74,62.71,62.46,60.02,59.07,57.74,61.22,58.41,62.37,63.63,65.40,64.36,62.64,59.86,59.09,59.73,58.06,60.77,61.16,66.67,63.99,63.10,63.74,62.30,62.68,62.71,61.93,60.37,61.26,63.31,68.44,72.38,72.34,72.35,72.97,73.29,73.69,72.66,73.34,72.95,72.33,70.12,68.92,69.13,69.83,68.22,67.94,66.05,66.04,67.17,66.90,67.34,66.23,66.28,66.25,64.34,60.76,63.01,62.37,60.78,58.85,61.44,58.81,57.51,59.19,58.30,57.74,58.40,58.50,60.11,59.50,60.51,59.83,60.91,60.81,60.71,61.01,57.88,60.20,61.69,60.80,59.26,57.38,56.80,53.93,52.87,52.69,52.97,55.95,55.17,51.73
DBD,8.65,8.70,8.44,8.38,8.59,8.12,7.70,7.64,7.62,7.44,7.10,7.04,7.14,7.32,7.26,7.49,7.68,7.79,7.76,7.95,7.63,7.73,7.97,7.96,8.24,8.30,8.99,8.08,8.34,8.53,8.20,8.25,8.40,8.50,8.03,8.04,8.14,8.06,8.15,8.68,8.52,8.57,8.50,8.28,8.12,7.89,8.04,8.02,6.86,6.97,7.49,6.84,6.05,6.42,6.11,6.35,6.36,6.35,5.90,5.96,6.54,6.56,6.07,5.88,5.79,5.40,5.74,5.60,5.92,6.07,6.07,6.06,5.89,5.60,5.82,5.88,6.33,6.29,5.97,5.44,5.58,5.76,5.60,5.46,5.00,5.77,6.37,7.40,6.33,6.16,5.69,5.24,5.59,4.79,5.31,5.61,5.15,5.23
EQIX,829.35,824.40,803.26,790.83,788.26,778.00,768.35,760.13,763.46,764.81,751.32,733.73,730.67,750.00,745.55,752.07,755.65,767.34,768.45,756.04,747.79,742.87,753.42,741.05,752.18,762.45,799.61,789.80,789.78,787.02,789.65,782.00,779.71,772.47,782.17,784.91,778.71,786.85,772.08,762.01,770.12,772.99,758.17,782.74,791.70,792.06,794.04,793.43,779.12,785.48,777.95,770.00,752.53,754.00,737.39,736.69,735.52,725.98,731.84,724.23,714.09,713.88,716.91,701.12,716.59,728.69,720.35,721.07,722.67,718.41,728.17,702.30,688.92,686.54,696.84,689.63,694.69,697.14,711.43,696.51,698.00,697.20,694.53,676.64,660.70,695.53,691.22,676.24,673.50,665.18,688.99,696.69,710.17,697.63,693.35,675.54,658.01,670.02
FFIV,127.56,128.06,127.63,125.42,125.37,122.50,123.07,122.77,124.01,123.37,119.99,118.91,118.87,120.35,117.77,120.84,123.26,123.53,121.49,121.64,119.99,120.04,123.30,122.14,127.14,128.68,132.61,131.10,132.33,130.27,128.76,133.81,133.75,136.19,135.32,134.34,134.68,134.53,134.81,136.05,136.89,138.29,137.75,139.62,140.58,141.34,140.79,140.68,139.05,135.90,135.00,137.74,137.97,151.24,152.34,154.71,154.84,154.36,152.37,149.43,147.44,146.93,143.91,140.26,142.52,144.82,134.16,134.29,139.70,138.52,137.31,139.48,137.41,140.12,134.86,135.01,136.36,136.90,136.65,138.58,140.19,141.78,140.00,140.32,137.51,146.02,143.92,146.28,145.14,142.89,146.09,146.54,145.82,144.92,142.25,145.27,139.11,137.31
FICO,442.30,439.19,446.44,435.83,437.35,433.72,436.99,425.38,427.21,427.52,420.20,410.00,417.42,428.33,424.24,437.01,443.26,431.25,435.72,424.63,417.39,413.37,419.70,406.32,419.43,419.34,451.02,444.71,420.79,425.48,425.01,425.38,423.42,420.66,421.60,428.51,426.50,430.14,434.56,429.67,434.80,431.70,429.42,437.26,441.72,441.06,437.44,435.77,438.17,439.19,439.10,438.39,416.30,425.72,414.33,420.57,422.10,416.91,415.73,413.15,400.29,406.01,408.59,399.62,412.17,421.76,422.00,409.80,416.85,418.77,423.57,418.04,406.03,406.20,416.37,409.06,425.53,428.47,421.90,423.99,422.43,425.32,419.54,413.52,403.41,426.87,419.51,411.90,420.71,407.07,423.92,416.24,407.84,402.65,397.61,394.94,396.55,389.40
GRMN,98.82,98.13,96.92,95.15,96.54,94.93,94.68,94.86,95.01,95.38,93.55,92.68,93.46,95.14,94.26,96.33,98.20,98.39,99.98,99.70,100.05,99.40,101.14,99.36,101.73,101.31,105.81,104.00,103.61,103.76,102.57,104.67,103.64,103.64,102.43,102.94,103.99,104.22,104.48,104.28,104.62,103.28,101.50,102.11,101.89,102.33,102.36,99.94,99.97,98.59,100.01,98.78,99.36,100.29,96.74,100.20,101.35,99.81,100.20,100.42,101.04,99.45,97.84,96.49,97.09,96.92,98.18,98.72,99.08,97.53,97.13,97.50,96.15,94.86,96.23,95.29,97.73,97.53,98.34,95.18,95.97,95.07,93.57,91.67,91.42,96.94,98.13,99.30,96.53,93.27,95.72,92.44,90.54,90.17,90.91,88.13,86.63,83.89
IT,126.40,126.83,125.62,124.21,125.98,125.34,125.72,124.95,125.23,126.53,125.65,123.06,124.00,126.71,126.41,131.13,132.32,132.97,134.19,132.56,126.64,127.92,131.28,128.60,131.18,131.58,134.00,130.06,129.82,131.48,130.72,131.51,132.06,131.65,128.14,127.76,127.62,127.64,128.02,129.49,131.13,130.79,131.58,132.63,131.54,130.66,129.39,126.30,125.66,124.64,125.60,126.74,123.85,125.37,124.69,125.87,124.67,123.38,123.37,123.09,124.51,126.74,119.89,119.51,118.94,118.16,121.84,121.01,122.53,120.33,120.03,121.33,119.26,117.85,119.19,115.66,122.14,122.09,120.03,121.87,121.16,122.08,120.68,118.73,116.80,127.03,131.24,137.69,135.00,130.58,132.09,126.75,122.24,121.70,121.75,122.88,121.10,117.61
GWRE,115.47,114.28,112.11,106.40,102.94,103.15,106.51,104.27,105.53,106.12,104.70,103.33,104.62,106.61,104.93,103.36,105.98,107.16,107.10,106.03,105.63,108.90,111.76,110.33,115.61,117.64,118.38,117.52,112.31,112.09,109.33,111.29,110.32,109.30,109.99,110.97,110.09,113.00,112.89,110.63,108.70,106.05,106.64,107.78,114.42,119.07,119.24,118.07,118.72,117.66,118.13,119.62,117.22,118.62,116.64,118.74,121.84,121.44,121.68,115.98,114.17,114.64,113.42,113.50,117.15,117.44,115.62,112.28,112.40,112.58,112.60,110.85,109.15,110.64,108.21,106.81,108.69,108.64,106.82,107.06,106.84,106.52,104.33,103.65,101.78,107.42,107.44,109.04,107.07,105.54,110.17,106.78,106.43,102.58,100.90,99.14,99.54,100.88
IDCC,60.66,59.42,58.30,57.25,58.21,56.77,57.39,57.06,57.30,57.12,56.61,56.46,55.50,57.78,57.35,58.98,59.15,59.51,59.53,57.90,58.73,59.60,60.89,60.27,61.93,61.28,62.96,61.72,61.15,62.09,62.20,62.85,62.71,63.58,62.77,62.96,63.08,63.57,64.47,64.19,64.52,64.42,65.33,65.69,63.24,63.93,63.27,63.08,62.57,60.02,59.34,59.81,58.65,58.94,57.71,59.36,59.24,60.78,59.54,59.08,58.11,56.08,55.44,55.34,56.03,56.58,56.79,57.21,58.50,57.43,55.44,56.63,57.23,55.43,55.36,54.09,54.67,55.07,54.29,54.65,55.11,56.41,55.38,55.03,53.45,58.34,60.14,59.18,58.21,56.33,57.68,56.87,55.52,54.97,56.13,57.34,56.74,54.55
JCOM,71.24,70.87,70.06,70.08,70.95,70.34,70.18,69.22,68.99,70.34,69.41,69.25,69.01,70.28,68.41,70.72,71.82,73.22,72.47,73.32,72.35,71.51,71.43,69.91,69.48,69.01,71.60,70.48,69.99,70.91,72.77,73.97,73.01,72.45,69.82,71.90,70.61,70.37,71.78,70.20,70.13,70.56,69.03,60.11,61.37,59.91,59.40,59.07,58.50,56.72,56.20,55.46,54.37,55.04,55.29,55.76,56.26,56.59,56.45,56.34,55.48,58.19,56.25,55.74,56.99,57.89,59.59,59.88,62.08,61.69,64.10,63.21,69.50,69.07,70.01,69.60,72.99,73.85,75.14,71.54,73.54,75.06,74.18,74.93,76.32,81.07,81.08,82.78,81.05,79.06,81.19,80.00,79.36,78.30,78.34,80.34,78.51,76.61
JNPR,22.66,22.64,22.29,21.74,21.96,21.32,21.35,21.50,21.86,21.98,21.39,21.16,21.38,22.54,22.97,23.27,23.26,23.22,23.10,23.12,23.12,22.85,23.23,22.76,23.24,23.07,24.93,24.57,25.00,24.06,23.87,24.11,23.84,23.84,23.62,23.69,23.82,23.97,24.31,24.82,24.94,25.43,25.52,26.03,25.94,25.77,25.63,25.52,25.30,25.38,24.93,24.99,24.26,25.12,24.48,24.50,24.49,24.14,23.93,23.77,23.16,23.20,22.94,22.54,22.62,22.74,22.30,22.49,23.08,22.54,22.55,22.86,22.55,22.17,22.26,22.38,22.74,23.14,23.27,23.79,23.99,24.37,23.69,23.89,23.26,25.06,24.93,25.45,24.85,24.64,24.47,24.23,24.28,24.26,23.72,23.89,23.25,23.16
LHX,175.45,178.14,175.40,173.96,174.40,173.07,172.69,169.84,175.75,178.63,178.02,175.74,178.13,180.75,177.58,185.21,185.44,182.18,178.78,181.63,181.03,176.40,180.84,179.61,181.73,182.11,182.94,177.72,180.74,179.89,181.17,179.30,181.02,182.53,178.59,178.96,181.18,180.98,181.55,182.58,180.97,183.07,180.64,179.18,175.64,173.67,172.14,167.29,167.88,168.33,173.23,173.00,171.40,167.55,171.24,172.67,173.34,168.89,167.10,169.96,167.03,166.83,162.36,162.43,162.51,159.80,164.65,167.68,174.00,172.00,170.49,169.67,174.80,169.61,170.79,168.24,177.25,184.20,182.24,188.25,191.43,191.01,188.10,193.15,196.51,206.70,208.28,209.66,204.87,199.48,200.61,194.57,196.12,199.45,196.73,192.95,184.77,180.45
LDOS,90.87,89.19,88.48,89.01,89.82,90.39,90.42,89.15,90.57,91.57,91.98,88.03,90.00,91.60,88.43,90.06,90.23,89.10,88.74,88.34,87.17,85.90,87.17,86.55,88.49,89.01,91.64,89.70,90.49,91.31,91.68,90.54,90.62,90.81,89.17,91.02,92.60,91.81,92.24,94.72,94.39,94.41,95.95,94.42,93.21,91.01,89.73,92.27,98.30,95.16,92.36,91.97,90.18,90.16,91.07,90.67,91.37,89.11,88.64,88.17,86.58,87.82,86.20,85.04,87.91,86.41,88.06,87.89,88.45,93.64,93.31,93.67,92.20,89.78,92.72,93.25,96.17,96.89,96.70,99.33,100.19,100.29,98.62,98.91,100.37,104.77,105.69,106.54,106.05,105.97,107.26,104.53,105.98,105.29,104.36,102.76,102.25,100.96
MRVL,44.70,42.75,42.62,42.08,41.52,39.77,40.31,39.70,39.40,39.89,38.05,37.90,37.57,38.86,38.38,38.49,38.71,38.08,39.01,39.22,38.76,38.51,39.45,37.55,37.36,38.32,41.19,39.19,38.78,38.25,35.91,35.61,35.21,34.72,33.46,32.79,33.11,33.38,33.78,33.57,34.70,35.28,34.69,35.35,36.08,36.63,37.77,37.50,37.37,36.47,35.94,35.11,34.98,35.58,34.99,35.33,36.01,36.32,36.88,36.52,36.59,37.05,37.23,36.67,38.31,38.12,37.58,35.44,36.16,35.02,34.37,35.06,33.56,33.23,33.87,33.63,34.36,34.71,33.98,34.49,34.98,34.74,34.39,33.73,33.32,35.06,35.17,34.95,35.89,35.89,35.96,34.61,32.98,32.62,29.97,30.70,30.40,30.13
MSI,166.78,162.77,160.31,156.96,157.51,156.91,156.79,156.81,157.65,156.63,154.00,151.69,152.20,157.27,152.57,157.31,158.18,157.09,156.80,156.00,153.86,150.34,153.57,152.49,153.04,153.52,157.09,153.77,154.75,153.58,151.81,153.33,154.78,153.97,151.92,151.61,150.46,149.80,147.36,145.37,145.96,145.01,142.87,142.22,144.26,144.03,138.33,137.57,137.54,139.80,139.19,140.04,136.80,141.96,141.73,144.22,141.20,138.00,135.65,137.68,134.71,134.56,132.97,131.06,128.42,130.93,132.13,131.08,136.01,135.09,135.97,140.13,138.14,138.78,140.49,139.30,141.03,141.13,138.88,141.37,140.06,141.92,137.56,140.60,136.08,148.23,151.77,158.32,155.90,149.23,147.87,139.66,138.94,135.33,135.87,134.02,137.39,134.19
NCR,23.81,24.21,23.19,22.65,22.87,22.25,22.13,22.14,22.01,20.03,19.44,19.00,18.74,19.58,19.04,19.97,20.69,20.50,20.25,20.80,20.43,20.31,20.02,19.57,20.26,20.20,21.05,20.04,20.44,21.10,21.14,20.56,20.99,20.63,20.00,20.17,20.63,20.70,21.02,21.19,21.12,21.41,21.85,21.20,20.11,19.14,19.17,19.17,18.73,18.43,18.73,19.05,16.72,17.57,17.88,18.45,17.94,17.66,17.24,17.69,17.81,18.04,16.87,16.91,16.76,16.17,16.17,16.29,17.60,17.81,16.97,17.32,18.02,16.22,16.96,16.70,17.30,17.33,17.82,17.96,18.09,19.26,18.81,18.55,17.73,20.14,21.33,22.65,21.10,20.27,20.63,19.18,19.48,18.05,18.70,20.12,19.00,17.87
NTAP,45.87,46.26,44.59,43.36,43.35,42.76,42.89,43.84,43.99,43.60,41.96,41.49,41.19,41.88,41.39,42.61,43.18,45.11,45.38,45.38,44.09,44.37,46.57,45.20,46.40,46.54,48.15,46.68,47.39,45.74,43.91,42.21,41.77,42.30,41.25,41.42,41.49,41.00,41.31,41.56,41.74,43.28,43.57,44.27,42.80,42.21,43.10,43.23,42.77,44.30,42.85,42.43,42.95,44.09,43.20,44.69,44.99,45.56,45.15,44.81,44.34,44.38,43.71,43.40,42.94,42.28,43.76,42.86,45.05,43.55,43.51,44.37,44.02,43.99,41.83,40.97,42.39,42.30,44.08,42.79,43.17,44.35,43.04,42.46,41.14,46.22,46.72,49.01,48.06,45.26,45.69,44.14,42.67,44.54,44.15,46.30,45.14,44.68
NLOK,20.99,20.91,20.96,21.20,21.52,20.56,20.71,20.84,20.86,21.07,20.90,20.46,20.33,21.01,20.59,20.87,20.88,21.11,21.23,21.26,21.13,22.47,23.05,22.59,23.39,22.91,24.11,23.82,23.52,24.05,24.17,24.21,23.49,23.46,22.59,22.65,22.69,22.85,22.80,22.92,22.97,22.52,22.38,23.00,23.36,22.16,21.90,22.10,21.96,21.45,21.13,21.18,20.57,20.82,20.39,21.12,20.70,19.94,20.43,20.31,20.17,20.24,20.17,20.16,20.30,20.08,20.11,19.80,19.93,20.01,19.77,19.83,19.43,19.12,19.53,19.74,20.48,20.71,20.81,20.06,20.22,20.33,20.26,19.85,19.98,21.41,21.14,21.97,21.05,21.10,20.71,21.06,21.71,22.78,20.94,19.86,19.87,20.24
NUAN,34.33,33.80,34.02,33.46,33.45,32.66,33.80,33.19,33.07,33.27,33.14,32.20,32.69,33.53,32.87,33.11,32.98,33.20,32.97,31.44,30.80,30.72,30.19,28.93,30.10,30.54,31.71,31.29,29.96,29.67,29.66,30.09,29.24,29.26,28.86,29.32,28.50,29.06,29.44,29.10,28.66,28.66,28.53,29.09,29.48,29.60,28.64,28.29,28.33,27.35,27.60,27.57,26.70,26.75,26.22,26.55,26.91,26.84,26.64,25.54,25.04,25.33,24.86,25.00,25.50,25.72,25.49,24.71,25.60,25.74,25.59,25.31,25.35,25.39,24.84,24.59,25.05,25.62,24.78,23.66,23.13,22.89,22.67,22.63,23.10,23.62,23.63,23.42,22.57,22.37,22.91,23.20,23.66,22.88,22.65,22.65,22.08,21.46
ON,26.35,26.04,23.35,22.89,23.15,22.44,22.91,21.69,21.78,21.73,20.49,20.31,20.08,20.82,20.61,21.42,21.90,22.05,22.02,22.01,21.58,21.52,21.82,20.93,22.68,21.45,22.38,21.75,21.37,22.03,21.33,21.68,21.59,21.39,20.91,21.06,21.66,21.75,21.96,22.04,21.90,22.38,22.19,21.92,20.84,21.13,21.26,21.69,21.24,20.60,20.77,20.96,20.50,21.28,20.47,20.86,21.45,21.66,21.63,21.19,21.34,21.53,20.69,20.55,20.49,20.76,19.97,19.27,19.66,19.18,19.05,19.82,19.52,19.09,19.48,19.29,20.18,19.59,19.39,19.62,19.79,19.94,19.56,18.99,18.13,19.46,20.17,20.82,20.16,18.98,18.83,17.14,16.78,16.49,16.06,17.43,16.68,15.74
PANW,252.52,249.51,250.96,247.24,248.67,245.16,250.53,244.75,246.49,245.94,242.14,237.99,239.13,246.50,242.61,241.60,241.43,246.87,248.08,245.73,242.94,236.96,238.40,233.93,235.65,242.21,257.46,258.50,257.41,254.67,255.37,263.44,260.99,267.07,269.33,272.52,269.48,265.76,262.46,259.11,261.56,259.82,255.23,258.23,261.25,265.88,264.10,254.91,254.43,255.92,251.79,248.55,244.81,247.66,243.77,248.50,250.36,249.32,251.60,239.81,237.38,240.50,245.33,241.06,248.96,248.58,242.82,233.07,235.91,230.53,229.36,229.67,227.09,225.39,226.90,223.40,229.31,232.88,230.73,230.33,229.24,228.70,226.30,221.85,221.92,232.68,233.56,237.79,231.39,226.69,233.41,239.86,238.31,235.27,229.39,231.79,231.17,237.93
PBI,6.06,6.13,6.13,5.70,5.64,5.49,5.37,5.31,5.43,5.52,5.10,5.01,5.05,5.31,5.21,5.61,5.59,5.61,5.52,5.56,5.15,5.05,4.79,4.79,5.08,5.19,5.64,5.66,5.49,5.84,5.93,5.98,6.25,6.05,5.90,5.96,5.80,5.76,5.91,6.10,6.11,6.39,6.41,7.02,6.27,5.61,5.42,4.82,4.89,3.34,3.32,2.95,2.80,2.86,2.84,2.98,2.85,2.93,2.65,2.73,2.79,2.68,2.60,2.49,2.53,2.40,2.45,2.48,2.59,2.51,2.51,2.60,2.58,2.47,2.54,2.59,2.63,2.55,2.61,2.66,2.75,2.84,2.71,2.76,2.61,2.96,3.20,3.30,2.90,2.69,2.61,2.47,2.58,2.37,2.55,2.71,2.54,2.34
PLT,14.56,13.61,13.22,12.92,13.08,12.48,12.12,11.84,12.46,12.27,11.55,11.59,11.18,12.31,13.02,12.55,12.39,12.35,12.04,11.72,12.02,12.12,11.95,11.52,11.64,11.90,12.28,12.00,12.36,12.74,14.69,15.03,15.73,16.13,16.27,16.79,17.44,16.84,17.89,19.76,19.72,18.75,18.95,19.20,18.83,18.93,19.47,19.06,19.81,19.99,20.64,21.89,18.61,19.56,19.16,19.43,19.43,18.80,17.33,17.14,17.15,16.56,15.47,15.51,14.76,15.38,16.02,14.60,14.96,14.70,14.60,14.68,14.75,13.59,14.00,13.82,14.35,13.67,13.84,13.55,14.06,14.98,14.14,13.25,13.26,14.15,15.64,17.42,15.81,13.66,14.01,13.82,12.75,13.03,12.53,14.61,14.00,14.14
PRGS,40.22,39.51,38.89,38.78,37.87,37.77,37.54,36.68,38.75,37.28,35.74,35.22,35.22,36.03,35.57,35.23,35.52,35.78,35.66,35.00,34.98,35.27,36.35,35.46,35.39,37.01,38.39,38.15,37.89,38.27,38.17,38.55,37.78,37.33,36.73,36.95,37.81,37.35,37.16,36.97,37.15,36.74,36.50,36.79,36.89,36.72,36.95,36.31,35.95,34.86,34.51,34.93,34.53,34.99,34.57,35.45,35.72,36.15,35.85,35.78,35.82,35.89,35.31,35.18,36.00,36.27,36.81,37.10,38.11,38.38,38.33,38.75,38.94,37.60,37.81,36.69,37.49,37.60,36.90,37.97,38.51,39.43,38.96,38.46,37.47,41.14,41.61,42.37,42.04,41.54,41.58,41.38,41.50,40.40,40.12,40.49,39.99,38.98
PTC,85.94,84.06,83.21,81.22,82.72,82.16,84.13,82.72,82.35,82.90,81.68,80.28,81.70,85.85,85.33,86.11,86.70,87.80,88.32,85.40,82.30,83.77,88.60,86.71,87.69,92.64,97.60,95.44,91.41,91.15,89.42,89.78,88.14,87.10,87.36,88.03,88.54,89.85,88.22,87.48,88.06,85.92,84.80,85.90,86.94,88.59,87.88,86.60,86.35,85.56,85.58,84.03,82.25,83.14,81.46,83.61,83.83,83.15,83.03,80.75,80.36,80.28,78.41,78.23,82.89,85.00,78.50,76.59,79.08,78.27,78.44,77.79,76.44,75.53,77.36,76.92,79.57,78.93,78.71,79.07,79.17,79.57,77.26,75.16,72.62,81.21,81.54,83.42,83.74,80.26,80.94,79.50,79.08,76.38,74.90,74.94,73.32,70.21
SAIC,80.10,80.25,79.87,80.20,79.90,79.22,78.89,78.42,78.60,79.87,77.99,76.71,75.57,78.34,76.46,76.70,78.06,78.80,78.93,78.72,77.02,76.92,79.00,78.84,82.13,83.18,84.93,82.80,83.46,83.03,83.27,81.45,82.47,83.51,82.80,83.86,85.24,84.69,83.59,86.18,84.98,84.46,85.31,83.90,83.26,81.05,80.38,80.89,81.29,79.98,78.04,77.42,76.43,77.84,76.35,75.72,76.52,72.48,72.28,71.90,71.51,73.11,70.76,68.97,71.02,69.89,72.02,72.43,74.20,77.37,77.22,77.68,77.31,75.14,75.43,74.24,78.21,80.50,80.38,82.14,84.63,86.00,83.69,84.45,84.24,90.12,88.38,89.70,87.48,89.48,90.35,90.82,89.95,88.04,88.60,88.65,87.90,84.91
STX,50.97,51.33,50.45,49.60,49.11,48.74,49.06,49.27,50.07,49.66,48.22,47.42,47.62,47.71,48.23,48.82,49.14,48.67,47.34,47.65,46.54,45.93,46.23,45.69,47.01,47.09,48.59,47.07,47.99,46.60,45.55,45.73,45.44,45.61,44.84,45.04,45.40,45.06,44.90,45.07,44.90,45.64,45.78,46.07,45.31,44.96,45.13,45.39,44.76,45.22,44.40,44.31,48.57,49.58,48.04,50.00,49.47,49.42,48.59,48.27,48.50,48.24,47.38,47.33,47.38,46.78,46.56,47.11,48.03,47.34,47.30,48.41,47.76,46.97,47.73,47.62,48.87,50.91,52.05,49.64,51.02,51.68,50.74,50.61,51.26,55.33,54.83,55.63,54.39,54.05,53.12,52.69,52.15,53.04,51.36,52.01,51.20,50.96
SMTC,57.94,56.60,55.82,55.14,54.54,52.17,54.20,52.96,53.46,53.19,51.23,50.29,50.00,51.37,51.17,52.13,54.10,56.88,56.99,56.23,55.96,54.97,56.16,55.01,57.55,57.76,60.76,59.09,58.65,59.68,59.57,62.90,62.65,62.29,61.03,61.37,61.08,61.78,62.85,63.03,63.53,64.00,62.35,60.46,58.88,58.59,58.32,58.46,57.19,55.73,55.11,54.46,52.70,54.01,51.69,52.18,52.53,52.88,53.63,52.99,52.46,53.30,52.87,52.34,53.70,54.13,54.09,53.26,53.77,52.49,51.05,52.22,50.76,50.30,51.10,50.08,51.59,51.62,50.78,51.54,52.31,52.57,50.88,50.59,49.65,54.35,53.94,54.21,56.29,54.04,54.01,52.77,52.58,53.18,51.44,50.21,49.05,47.12
NOW,508.61,496.50,500.00,491.54,501.79,493.15,492.52,485.00,487.98,484.21,479.97,460.12,460.47,470.57,461.88,453.09,453.80,456.01,473.96,458.06,445.90,452.98,458.20,443.14,450.35,468.84,499.69,497.19,482.02,487.87,480.55,487.70,457.93,448.10,449.42,453.34,437.13,437.58,442.37,435.73,438.42,427.13,421.36,438.68,431.21,430.33,435.74,438.15,439.96,439.20,431.40,445.71,435.04,433.81,425.19,430.85,441.60,437.22,449.27,421.81,413.88,423.56,413.23,401.87,422.91,426.37,425.20,411.74,416.44,414.21,416.79,405.06,394.55,399.97,401.64,392.93,400.94,402.82,399.87,401.03,400.65,398.46,392.50,385.13,375.05,401.66,388.83,386.64,390.46,376.95,388.09,392.90,383.37,387.93,377.98,371.16,380.67,387.96
SLAB,106.65,101.39,98.99,97.20,98.51,96.13,99.07,97.85,98.07,98.37,96.70,95.11,93.65,95.42,94.76,96.17,98.47,99.51,98.34,96.87,95.05,95.64,98.15,93.86,98.85,99.67,106.70,104.85,102.41,103.35,101.58,101.98,102.15,99.83,98.41,98.78,101.41,101.62,101.76,100.57,101.21,103.11,101.53,101.04,103.09,102.05,101.81,101.98,102.88,100.51,102.74,104.30,102.62,104.80,102.25,102.76,103.76,105.04,105.31,103.39,103.86,103.80,102.67,101.04,102.55,102.27,101.20,99.71,100.45,98.43,98.01,100.27,96.68,93.82,95.08,94.91,99.01,98.29,97.50,98.60,98.97,98.65,95.37,96.26,94.29,101.27,101.45,103.03,95.80,92.09,94.81,93.69,91.92,93.66,90.91,90.89,95.93,94.29
SSNC,64.09,63.32,63.02,62.52,63.25,61.61,61.42,60.52,60.50,61.42,60.52,59.30,59.69,61.13,60.44,60.78,60.93,60.97,61.27,60.50,60.10,59.47,60.17,59.37,61.25,62.03,65.24,64.58,63.72,64.36,63.74,64.12,63.75,62.89,62.37,62.73,62.36,62.49,62.69,61.16,61.60,61.94,61.34,61.56,60.97,60.12,59.89,58.34,58.30,57.50,57.65,58.19,56.40,57.40,55.75,56.59,57.12,56.30,57.21,56.82,56.50,57.38,56.22,55.77,56.45,56.35,56.57,56.01,57.18,56.61,56.58,56.48,55.39,54.26,55.07,55.49,57.91,59.08,58.63,59.18,57.73,57.91,56.76,56.65,55.56,58.88,59.76,60.96,60.74,60.12,60.66,59.78,58.89,57.90,57.80,58.31,57.68,55.85
SYNA,84.44,81.49,81.66,80.22,80.98,78.18,80.66,80.42,80.83,81.06,78.22,78.34,77.14,81.10,80.89,81.74,82.11,82.24,83.71,82.92,80.52,80.03,81.05,78.72,83.38,82.53,88.17,87.37,85.33,86.64,86.00,87.74,88.24,87.36,82.01,81.24,83.50,84.28,84.95,84.60,85.76,85.80,83.71,86.57,88.99,89.69,82.70,82.39,82.18,80.02,79.15,78.37,77.60,78.97,78.19,78.27,78.44,78.04,72.05,70.32,68.44,66.92,66.82,64.61,66.32,66.41,67.85,60.01,60.53,59.24,58.82,60.12,58.68,56.26,59.80,59.46,61.78,62.50,61.56,62.45,63.79,64.60,63.14,62.61,62.43,67.11,69.52,69.16,72.26,67.55,68.12,67.10,62.88,63.72,62.32,64.18,63.67,63.50
TDC,22.01,22.38,21.94,21.96,21.50,21.70,22.23,22.70,22.81,23.20,23.00,22.74,22.79,23.38,22.29,22.65,22.30,22.57,22.35,22.66,22.98,22.68,22.61,21.99,22.55,22.71,23.95,23.92,24.35,24.63,24.35,24.61,24.55,24.84,24.45,24.49,24.55,24.10,23.87,24.07,23.93,24.23,24.13,24.26,24.58,20.69,20.57,21.56,21.72,21.00,20.60,20.71,20.34,20.59,20.31,20.48,20.53,20.53,20.16,19.73,19.79,20.13,19.33,19.32,19.66,19.72,19.75,19.52,20.64,20.80,20.59,20.80,20.94,20.31,20.47,20.07,20.41,20.22,20.33,20.54,20.45,20.92,20.91,21.15,21.26,23.63,22.15,22.60,22.13,21.75,21.72,21.72,21.47,21.41,21.08,22.12,21.01,20.36
TER,86.10,82.48,82.29,81.11,81.23,78.62,81.30,79.46,79.86,79.20,77.72,76.30,75.41,76.56,76.92,76.37,77.64,76.33,77.20,76.82,74.92,75.44,76.87,75.53,78.60,81.93,88.37,85.35,84.97,85.73,84.78,89.87,90.31,89.09,88.00,88.73,90.24,91.23,91.98,90.06,89.98,89.65,86.27,87.10,87.57,90.86,90.65,89.53,90.26,88.96,88.61,88.77,87.00,88.32,83.53,86.10,89.49,89.72,89.74,86.42,86.10,86.53,86.61,86.85,87.38,88.46,87.75,86.34,88.13,84.58,82.91,84.51,82.83,81.85,84.83,81.36,83.74,83.85,82.75,79.61,78.42,77.03,74.57,71.75,70.81,76.28,74.86,74.90,76.76,73.19,72.32,69.45,67.16,67.02,64.56,67.59,64.85,62.75
TWTR,45.90,46.01,45.87,45.60,47.31,46.12,46.70,44.50,44.74,44.15,43.84,43.14,45.33,42.73,39.90,40.15,39.35,39.60,39.09,38.77,38.93,38.95,39.56,38.19,39.87,41.63,43.67,41.15,40.58,41.07,40.39,41.08,40.55,40.49,39.26,38.96,38.89,38.01,37.97,37.90,37.82,37.44,37.28,37.44,37.14,37.69,36.79,36.35,36.39,36.40,36.72,37.16,36.61,36.85,37.54,38.44,36.94,37.01,37.06,35.81,35.28,35.67,34.38,33.82,35.40,35.72,35.41,32.99,32.34,30.87,30.81,29.79,29.49,29.05,31.37,31.73,32.91,33.47,33.41,34.03,34.34,34.63,34.11,33.40,33.03,35.14,35.92,36.64,34.87,33.72,34.88,32.26,31.89,30.97,31.60,33.07,34.01,32.62
TYL,389.28,378.43,375.76,363.94,357.17,350.72,357.26,348.56,346.52,346.69,345.46,334.24,338.80,344.03,328.96,332.51,333.68,331.08,336.13,330.05,325.33,326.40,329.63,325.41,329.81,340.33,349.78,347.62,345.31,337.63,340.38,343.83,342.23,340.02,339.91,339.50,338.18,340.04,340.81,335.57,338.30,328.76,326.94,336.37,356.88,364.11,365.59,365.94,363.97,357.25,350.04,350.77,347.26,359.09,357.19,363.46,367.86,369.00,370.40,355.80,351.32,351.22,347.57,344.97,359.73,361.29,355.04,352.52,352.47,355.22,350.32,346.88,339.86,340.79,340.32,338.47,334.47,338.30,333.21,342.55,339.05,342.80,341.08,342.71,351.90,363.83,355.61,358.17,358.43,371.58,378.15,382.66,375.85,375.31,370.45,365.00,352.78,360.05
VSAT,35.62,35.15,34.13,34.10,34.37,34.48,34.35,34.39,34.24,34.19,32.94,32.62,33.64,34.53,34.88,35.11,35.53,35.52,35.35,36.44,35.95,35.31,37.14,37.86,37.19,37.43,39.10,39.30,39.76,40.23,40.12,39.91,40.11,40.56,39.26,40.33,40.94,41.16,41.31,41.38,41.07,41.83,41.90,41.83,42.10,38.57,38.00,38.34,37.50,37.96,38.40,38.89,38.60,37.45,37.38,38.05,38.11,38.54,37.73,37.58,37.95,38.37,36.83,36.53,36.98,36.15,37.57,36.50,37.46,36.68,36.77,38.37,39.33,36.80,38.58,38.51,40.37,39.46,40.36,41.02,41.32,42.64,40.27,40.08,39.71,42.24,46.18,47.42,45.39,44.92,45.29,43.74,43.39,42.00,42.96,44.08,47.73,42.15
VIAV,12.68,12.89,12.48,12.34,12.40,11.81,11.91,11.73,11.82,11.91,11.56,11.51,11.51,11.93,11.83,11.93,12.20,12.08,11.92,11.81,11.54,11.40,11.75,11.81,12.13,12.45,13.40,13.29,13.34,13.21,13.18,13.44,13.24,13.18,13.17,13.32,13.56,13.45,13.64,13.75,14.04,14.15,14.44,14.22,14.26,14.30,14.26,14.31,14.20,13.83,13.74,13.61,13.31,13.63,13.34,13.64,13.47,13.44,13.44,13.50,13.19,13.28,13.03,12.76,12.91,13.05,12.81,12.69,13.15,12.65,12.32,12.74,12.66,12.50,12.38,12.33,12.82,12.96,13.00,12.84,13.04,13.29,12.99,12.72,12.49,13.18,13.22,13.15,13.12,12.68,12.87,12.21,12.32,11.59,11.52,11.90,11.58,11.39
